feature,pearson_with_label,abs_pearson,feature_group
X752,0.09042828637775713,0.09042828637775713,anonymous_x
X614,0.08372826235427276,0.08372826235427276,anonymous_x
X759,0.07605892331699822,0.07605892331699822,anonymous_x
X27,0.072856086243638,0.072856086243638,anonymous_x
X28,0.07213997433928017,0.07213997433928017,anonymous_x
X20,0.07083815198623727,0.07083815198623727,anonymous_x
X611,0.07027809246330297,0.07027809246330297,anonymous_x
X608,0.07006472333182509,0.07006472333182509,anonymous_x
X19,0.06925575416614595,0.06925575416614595,anonymous_x
X21,0.06737474933113866,0.06737474933113866,anonymous_x
X293,0.06718581130758063,0.06718581130758063,anonymous_x
X291,0.06717090589468602,0.06717090589468602,anonymous_x
X295,0.0670041552527315,0.0670041552527315,anonymous_x
X605,0.0668836860985887,0.0668836860985887,anonymous_x
X297,0.0661548523802913,0.0661548523802913,anonymous_x
X753,0.0661481215490222,0.0661481215490222,anonymous_x
X754,0.06614545118220005,0.06614545118220005,anonymous_x
X289,0.06593637043359542,0.06593637043359542,anonymous_x
X29,0.06548598136669224,0.06548598136669224,anonymous_x
X287,0.06477985547964456,0.06477985547964456,anonymous_x
X379,0.06237086256795324,0.06237086256795324,anonymous_x
X298,0.062120750255576444,0.062120750255576444,anonymous_x
X299,0.06210310974129745,0.06210310974129745,anonymous_x
X300,0.0617040670129732,0.0617040670129732,anonymous_x
X296,0.06159814491291643,0.06159814491291643,anonymous_x
X294,0.06140958019828977,0.06140958019828977,anonymous_x
X301,0.06106608095619154,0.06106608095619154,anonymous_x
X292,0.06106399401540966,0.06106399401540966,anonymous_x
X218,0.06106106851801936,0.06106106851801936,anonymous_x
X373,0.06095873215937678,0.06095873215937678,anonymous_x
X385,0.06084700955870607,0.06084700955870607,anonymous_x
X302,0.06076705712326155,0.06076705712326155,anonymous_x
X602,0.05975565591588093,0.05975565591588093,anonymous_x
X303,0.05911901710338867,0.05911901710338867,anonymous_x
X290,0.05891021127483122,0.05891021127483122,anonymous_x
X26,0.05887424696438395,0.05887424696438395,anonymous_x
X217,0.05852583670657166,0.05852583670657166,anonymous_x
X219,0.058142129898771606,0.058142129898771606,anonymous_x
X367,0.05804342804730954,0.05804342804730954,anonymous_x
X50,0.0574960964015352,0.0574960964015352,anonymous_x
X652,-0.05747003187843087,0.05747003187843087,anonymous_x
X288,0.05735099769552275,0.05735099769552275,anonymous_x
X757,0.05733166152419849,0.05733166152419849,anonymous_x
X94,0.05727453005977616,0.05727453005977616,anonymous_x
X54,0.056896535391142734,0.056896535391142734,anonymous_x
X56,0.05682132291714158,0.05682132291714158,anonymous_x
X52,0.056675374735360676,0.056675374735360676,anonymous_x
X612,0.05643951771491564,0.05643951771491564,anonymous_x
X49,0.056305219551853226,0.056305219551853226,anonymous_x
X756,0.05615301401611415,0.05615301401611415,anonymous_x
X286,0.05613349590609097,0.05613349590609097,anonymous_x
X361,0.055878313908190966,0.055878313908190966,anonymous_x
X761,0.05562813098430559,0.05562813098430559,anonymous_x
X48,0.05515174035771707,0.05515174035771707,anonymous_x
X584,0.05487100428893529,0.05487100428893529,anonymous_x
X22,0.05467650341494947,0.05467650341494947,anonymous_x
X18,0.05439847442327115,0.05439847442327115,anonymous_x
X51,0.054362414950371515,0.054362414950371515,anonymous_x
X53,0.05434087191926369,0.05434087191926369,anonymous_x
X285,0.054245130189340476,0.054245130189340476,anonymous_x
X590,0.054243497978920946,0.054243497978920946,anonymous_x
X47,0.05408624586822897,0.05408624586822897,anonymous_x
X55,0.054011519204721845,0.054011519204721845,anonymous_x
X648,-0.053726842651327565,0.053726842651327565,anonymous_x
X46,0.053418950217455456,0.053418950217455456,anonymous_x
X163,0.05326081648378826,0.05326081648378826,anonymous_x
X45,0.05255625003664904,0.05255625003664904,anonymous_x
X599,0.05244574247445532,0.05244574247445532,anonymous_x
X572,0.05150722454221937,0.05150722454221937,anonymous_x
X44,0.051288569951309156,0.051288569951309156,anonymous_x
X355,0.051224029711606923,0.051224029711606923,anonymous_x
X175,0.05120059667728391,0.05120059667728391,anonymous_x
X656,-0.05110909531904909,0.05110909531904909,anonymous_x
X131,-0.05110612140136442,0.05110612140136442,anonymous_x
X169,0.05105220117543842,0.05105220117543842,anonymous_x
X43,0.051021532755800195,0.051021532755800195,anonymous_x
X578,0.05071700566848772,0.05071700566848772,anonymous_x
X181,0.05025757993472288,0.05025757993472288,anonymous_x
X137,-0.05012335050525043,0.05012335050525043,anonymous_x
X88,0.04999262837911145,0.04999262837911145,anonymous_x
X125,-0.049813069707894835,0.049813069707894835,anonymous_x
X197,0.04961933787885375,0.04961933787885375,anonymous_x
X609,0.04949183155977503,0.04949183155977503,anonymous_x
X465,0.04927605331653583,0.04927605331653583,anonymous_x
X30,0.04911998963442409,0.04911998963442409,anonymous_x
X283,0.04868332626601322,0.04868332626601322,anonymous_x
X157,0.048659595039491944,0.048659595039491944,anonymous_x
X586,0.048632061499750884,0.048632061499750884,anonymous_x
X592,0.04852629502253957,0.04852629502253957,anonymous_x
X466,0.04848669057451872,0.04848669057451872,anonymous_x
X121,0.048300263004014896,0.048300263004014896,anonymous_x
X284,0.048017325214379035,0.048017325214379035,anonymous_x
X179,-0.04782551959801711,0.04782551959801711,anonymous_x
X77,-0.04736890773760415,0.04736890773760415,anonymous_x
X196,0.04702647992208078,0.04702647992208078,anonymous_x
X198,0.046788106484906375,0.046788106484906375,anonymous_x
X173,-0.04656643104999975,0.04656643104999975,anonymous_x
X42,0.0461826152659111,0.0461826152659111,anonymous_x
X41,0.04584073174451407,0.04584073174451407,anonymous_x
X23,0.04555377385747727,0.04555377385747727,anonymous_x
X281,0.04529989785579475,0.04529989785579475,anonymous_x
X216,0.045111013873788894,0.045111013873788894,anonymous_x
X138,0.045026672024868375,0.045026672024868375,anonymous_x
X167,-0.04441877066638661,0.04441877066638661,anonymous_x
X272,0.04423127315573677,0.04423127315573677,anonymous_x
X224,0.04362521768114988,0.04362521768114988,anonymous_x
X115,0.043526264933135744,0.043526264933135744,anonymous_x
X596,0.043103752946971455,0.043103752946971455,anonymous_x
X119,-0.04307197030608838,0.04307197030608838,anonymous_x
X40,0.04301649988565012,0.04301649988565012,anonymous_x
X39,0.042838539018360836,0.042838539018360836,anonymous_x
X508,0.042523933519404554,0.042523933519404554,anonymous_x
X225,0.04231385561276838,0.04231385561276838,anonymous_x
X31,0.04227544239301647,0.04227544239301647,anonymous_x
X282,0.04209563966610206,0.04209563966610206,anonymous_x
X71,-0.04205412947084259,0.04205412947084259,anonymous_x
X95,-0.04188608955427399,0.04188608955427399,anonymous_x
X83,-0.0418266113116893,0.0418266113116893,anonymous_x
X136,0.04174371991658902,0.04174371991658902,anonymous_x
X560,0.04143968426409603,0.04143968426409603,anonymous_x
X606,0.04143190222307858,0.04143190222307858,anonymous_x
X151,0.04141965985160826,0.04141965985160826,anonymous_x
X89,-0.041363759229578,0.041363759229578,anonymous_x
X108,0.04131771676187333,0.04131771676187333,anonymous_x
X25,0.041280532478469134,0.041280532478469134,anonymous_x
X82,0.04082288584106524,0.04082288584106524,anonymous_x
X464,0.04048284077663359,0.04048284077663359,anonymous_x
X566,0.04044299417890854,0.04044299417890854,anonymous_x
X204,0.04029711725458706,0.04029711725458706,anonymous_x
X507,0.040175530841631404,0.040175530841631404,anonymous_x
X114,0.039672526835878935,0.039672526835878935,anonymous_x
X629,0.039483952183310765,0.039483952183310765,anonymous_x
X438,0.03936346438411252,0.03936346438411252,anonymous_x
X203,0.03934285015781429,0.03934285015781429,anonymous_x
X349,0.039320661403084795,0.039320661403084795,anonymous_x
X435,0.03929566000203933,0.03929566000203933,anonymous_x
X127,0.039081185336893406,0.039081185336893406,anonymous_x
X189,0.03855087684563413,0.03855087684563413,anonymous_x
X280,0.03853298505142612,0.03853298505142612,anonymous_x
X762,0.03852299332262404,0.03852299332262404,anonymous_x
X432,0.03815796568492825,0.03815796568492825,anonymous_x
X132,0.038126902761506924,0.038126902761506924,anonymous_x
X226,0.03807412737660148,0.03807412737660148,anonymous_x
X24,0.037985261359970254,0.037985261359970254,anonymous_x
X32,0.03758551680842521,0.03758551680842521,anonymous_x
X161,-0.03737124362943733,0.03737124362943733,anonymous_x
X627,0.037025555573077025,0.037025555573077025,anonymous_x
X130,0.03653380823470281,0.03653380823470281,anonymous_x
X205,0.03642704530564114,0.03642704530564114,anonymous_x
X223,0.03639562718849101,0.03639562718849101,anonymous_x
X362,0.035946425840207435,0.035946425840207435,anonymous_x
X760,0.03592142918646942,0.03592142918646942,anonymous_x
X190,0.03570488971812821,0.03570488971812821,anonymous_x
X102,0.035242135806507216,0.035242135806507216,anonymous_x
X625,0.03493436316910102,0.03493436316910102,anonymous_x
X109,0.03484717974730922,0.03484717974730922,anonymous_x
X356,0.03474125427776503,0.03474125427776503,anonymous_x
X153,0.034554243563886505,0.034554243563886505,anonymous_x
X337,0.033908301955634795,0.033908301955634795,anonymous_x
X120,0.033213215206425915,0.033213215206425915,anonymous_x
X133,0.03313784486534662,0.03313784486534662,anonymous_x
X186,0.03301928337350418,0.03301928337350418,anonymous_x
X111,0.032878343466625465,0.032878343466625465,anonymous_x
X437,0.03283642125866584,0.03283642125866584,anonymous_x
X113,-0.03279425340474766,0.03279425340474766,anonymous_x
X368,0.03272560443140064,0.03272560443140064,anonymous_x
X343,0.03256909271426534,0.03256909271426534,anonymous_x
X434,0.03247222277066481,0.03247222277066481,anonymous_x
X215,0.0323868666965655,0.0323868666965655,anonymous_x
X331,0.0323621482379374,0.0323621482379374,anonymous_x
X65,-0.03233758506833448,0.03233758506833448,anonymous_x
X610,-0.03221377369317932,0.03221377369317932,anonymous_x
X366,-0.03208756365937973,0.03208756365937973,anonymous_x
X574,0.032086256704288316,0.032086256704288316,anonymous_x
X445,0.03197248197863053,0.03197248197863053,anonymous_x
X378,-0.03192507907970872,0.03192507907970872,anonymous_x
X684,-0.03190420158296128,0.03190420158296128,anonymous_x
X147,0.03181457372465984,0.03181457372465984,anonymous_x
X580,0.031779867828046884,0.031779867828046884,anonymous_x
X124,0.031425019402399126,0.031425019402399126,anonymous_x
X613,-0.03114859754543743,0.03114859754543743,anonymous_x
X384,-0.031138353593536148,0.031138353593536148,anonymous_x
X195,0.031126323828733565,0.031126323828733565,anonymous_x
X431,0.031063488637852046,0.031063488637852046,anonymous_x
X69,0.031059003572253538,0.031059003572253538,anonymous_x
X105,0.031004032708132054,0.031004032708132054,anonymous_x
X372,-0.03094306325100905,0.03094306325100905,anonymous_x
X344,-0.030721413938962615,0.030721413938962615,anonymous_x
X472,0.030720375145277215,0.030720375145277215,anonymous_x
X274,0.03064125944472676,0.03064125944472676,anonymous_x
X17,0.03047577148280471,0.03047577148280471,anonymous_x
X264,0.030459772108378566,0.030459772108378566,anonymous_x
X126,0.030439753291870344,0.030439753291870344,anonymous_x
X444,0.030134767205566914,0.030134767205566914,anonymous_x
X145,0.030103489575704738,0.030103489575704738,anonymous_x
X63,0.030079943956973314,0.030079943956973314,anonymous_x
X266,0.030037583148568473,0.030037583148568473,anonymous_x
X569,0.029918217463461225,0.029918217463461225,anonymous_x
X76,0.029783875550616963,0.029783875550616963,anonymous_x
X731,0.029737362906434393,0.029737362906434393,anonymous_x
X708,-0.02970105292622182,0.02970105292622182,anonymous_x
X210,0.029669711287224263,0.029669711287224263,anonymous_x
X709,-0.029616959124191142,0.029616959124191142,anonymous_x
X680,-0.029616196011183843,0.029616196011183843,anonymous_x
X267,0.0295851674477053,0.0295851674477053,anonymous_x
X38,0.029527117678621644,0.029527117678621644,anonymous_x
X506,0.02939089360862046,0.02939089360862046,anonymous_x
X37,0.02938072742452243,0.02938072742452243,anonymous_x
X139,0.0292725239156249,0.0292725239156249,anonymous_x
X428,0.0292613187939723,0.0292613187939723,anonymous_x
X277,0.029173542678530125,0.029173542678530125,anonymous_x
X275,0.029158556491391388,0.029158556491391388,anonymous_x
X350,0.029144621073022327,0.029144621073022327,anonymous_x
X211,0.029102184689079175,0.029102184689079175,anonymous_x
X575,0.029062302490974367,0.029062302490974367,anonymous_x
X704,-0.02902620897074425,0.02902620897074425,anonymous_x
X191,0.028852210823326518,0.028852210823326518,anonymous_x
X269,0.028691862162555034,0.028691862162555034,anonymous_x
X557,0.028639502588563955,0.028639502588563955,anonymous_x
X744,0.02842578291905428,0.02842578291905428,anonymous_x
trade_total_qty,0.028273911683546385,0.028273911683546385,derived_market
volume,0.028273911502313242,0.028273911502313242,public_market
X422,0.028117685278794293,0.028117685278794293,anonymous_x
X180,0.02810266048366361,0.02810266048366361,anonymous_x
X187,0.027993463518611834,0.027993463518611834,anonymous_x
X473,0.02798709393247845,0.02798709393247845,anonymous_x
X644,-0.027741225666163542,0.027741225666163542,anonymous_x
X276,0.027715785608484776,0.027715785608484776,anonymous_x
X436,0.0277144638354012,0.0277144638354012,anonymous_x
X268,0.02768763268641491,0.02768763268641491,anonymous_x
X360,-0.027547934466841072,0.027547934466841072,anonymous_x
X563,0.027538149646709954,0.027538149646709954,anonymous_x
X593,0.02747903013526046,0.02747903013526046,anonymous_x
X159,0.02745480749812603,0.02745480749812603,anonymous_x
sell_qty,0.027384700604357857,0.027384700604357857,public_market
X628,0.027293078854032288,0.027293078854032288,anonymous_x
X70,0.02702093128017632,0.02702093128017632,anonymous_x
X764,0.026970331560513084,0.026970331560513084,anonymous_x
X338,-0.026872973379200648,0.026872973379200648,anonymous_x
X471,0.026844390581591764,0.026844390581591764,anonymous_x
X270,0.026710300415976662,0.026710300415976662,anonymous_x
X155,-0.026709253568675182,0.026709253568675182,anonymous_x
X751,0.0266399873897323,0.0266399873897323,anonymous_x
X117,0.026607760362406516,0.026607760362406516,anonymous_x
buy_qty,0.026570686753680302,0.026570686753680302,public_market
X581,0.02638842560673188,0.02638842560673188,anonymous_x
X713,-0.026386036415924845,0.026386036415924845,anonymous_x
X271,0.026375115375143712,0.026375115375143712,anonymous_x
X705,-0.02631269070166545,0.02631269070166545,anonymous_x
X623,0.026289178531902383,0.026289178531902383,anonymous_x
X712,-0.026249181705187682,0.026249181705187682,anonymous_x
X603,0.026205761267950007,0.026205761267950007,anonymous_x
X273,0.026180349332703908,0.026180349332703908,anonymous_x
X763,0.025982508407328526,0.025982508407328526,anonymous_x
X174,0.025927044070083498,0.025927044070083498,anonymous_x
X587,0.025839069220776164,0.025839069220776164,anonymous_x
X404,0.02583743331117593,0.02583743331117593,anonymous_x
X727,0.025717533069398973,0.025717533069398973,anonymous_x
X548,0.025408966996082187,0.025408966996082187,anonymous_x
X583,0.025323951512796747,0.025323951512796747,anonymous_x
X202,0.025280786488639587,0.025280786488639587,anonymous_x
X765,0.025151223849154837,0.025151223849154837,anonymous_x
X758,0.025000189604108148,0.025000189604108148,anonymous_x
X425,-0.02486007254633334,0.02486007254633334,anonymous_x
X398,0.02485638614969623,0.02485638614969623,anonymous_x
X626,0.024793649331417308,0.024793649331417308,anonymous_x
X79,0.02472333145953982,0.02472333145953982,anonymous_x
X188,0.024648893907723207,0.024648893907723207,anonymous_x
X740,-0.02464764246842252,0.02464764246842252,anonymous_x
X184,0.024644458093483795,0.024644458093483795,anonymous_x
X410,0.024587825808543993,0.024587825808543993,anonymous_x
X212,0.024515116204725334,0.024515116204725334,anonymous_x
X265,0.02445249569379633,0.02445249569379633,anonymous_x
X183,0.02428776172056668,0.02428776172056668,anonymous_x
X64,0.024273559667457808,0.024273559667457808,anonymous_x
X324,-0.02427158628812775,0.02427158628812775,anonymous_x
X554,0.024250534399913374,0.024250534399913374,anonymous_x
X433,0.024225900654271333,0.024225900654271333,anonymous_x
X222,0.02419193589265624,0.02419193589265624,anonymous_x
X168,0.02411729985997315,0.02411729985997315,anonymous_x
X426,-0.02405279194745148,0.02405279194745148,anonymous_x
X75,0.023939392313798314,0.023939392313798314,anonymous_x
X624,0.023864907818860605,0.023864907818860605,anonymous_x
X607,-0.023677069856995525,0.023677069856995525,anonymous_x
X676,-0.023572685415131484,0.023572685415131484,anonymous_x
X154,0.023552429613956566,0.023552429613956566,anonymous_x
X545,0.02351082770212782,0.02351082770212782,anonymous_x
X73,0.023501054441087455,0.023501054441087455,anonymous_x
X452,0.023346228634426654,0.023346228634426654,anonymous_x
X671,0.023252379781914703,0.023252379781914703,anonymous_x
X416,0.02321088811013105,0.02321088811013105,anonymous_x
X278,0.023175934281888654,0.023175934281888654,anonymous_x
X148,0.02300399608549255,0.02300399608549255,anonymous_x
X650,-0.022618797618099998,0.022618797618099998,anonymous_x
X255,-0.022502878058574493,0.022502878058574493,anonymous_x
X107,-0.02246385247909251,0.02246385247909251,anonymous_x
X334,0.022407533023736034,0.022407533023736034,anonymous_x
X735,0.022294470850354853,0.022294470850354853,anonymous_x
X589,0.02217017380162104,0.02217017380162104,anonymous_x
X57,0.022160857939068475,0.022160857939068475,anonymous_x
X340,0.022117855867462094,0.022117855867462094,anonymous_x
X551,0.022091324369426027,0.022091324369426027,anonymous_x
X451,0.02196240148917725,0.02196240148917725,anonymous_x
X730,0.02191313828749516,0.02191313828749516,anonymous_x
X99,0.02190100700087496,0.02190100700087496,anonymous_x
X670,0.021893235005618416,0.021893235005618416,anonymous_x
X118,0.021825126169939306,0.021825126169939306,anonymous_x
X332,-0.021818407093622302,0.021818407093622302,anonymous_x
X374,0.02169324795916523,0.02169324795916523,anonymous_x
X177,0.02167399985688925,0.02167399985688925,anonymous_x
X162,0.021608486761884142,0.021608486761884142,anonymous_x
X392,0.021590042311134483,0.021590042311134483,anonymous_x
X103,0.021543057612255688,0.021543057612255688,anonymous_x
X214,0.021380718631974632,0.021380718631974632,anonymous_x
X160,0.021320076755150626,0.021320076755150626,anonymous_x
X10,0.021228435966114553,0.021228435966114553,anonymous_x
X316,0.021067860731992603,0.021067860731992603,anonymous_x
X443,0.021036394126577124,0.021036394126577124,anonymous_x
X254,-0.02103096105746854,0.02103096105746854,anonymous_x
X279,0.021011053083398352,0.021011053083398352,anonymous_x
X330,-0.020823221586468082,0.020823221586468082,anonymous_x
X185,0.020815907395796616,0.020815907395796616,anonymous_x
X135,0.020815328352509946,0.020815328352509946,anonymous_x
X667,0.02076381440140553,0.02076381440140553,anonymous_x
X383,-0.02050478107358211,0.02050478107358211,anonymous_x
X325,0.020466334591785307,0.020466334591785307,anonymous_x
X780,0.020338320043821616,0.020338320043821616,anonymous_x
X36,0.0202689482426124,0.0202689482426124,anonymous_x
X141,0.020245699365421255,0.020245699365421255,anonymous_x
X156,0.020092634307491423,0.020092634307491423,anonymous_x
X341,-0.020063651708890972,0.020063651708890972,anonymous_x
X310,0.020021844073472527,0.020021844073472527,anonymous_x
X726,0.020000458011376232,0.020000458011376232,anonymous_x
X150,0.01988788962820186,0.01988788962820186,anonymous_x
X600,0.01980342099484052,0.01980342099484052,anonymous_x
X736,-0.019768914636573178,0.019768914636573178,anonymous_x
X354,-0.01975866329037069,0.01975866329037069,anonymous_x
X35,0.01968327503054959,0.01968327503054959,anonymous_x
X67,0.019623461251455452,0.019623461251455452,anonymous_x
X59,-0.019514477611542607,0.019514477611542607,anonymous_x
book_total_qty,-0.01923994907576261,0.01923994907576261,derived_market
X328,0.019173513841502787,0.019173513841502787,anonymous_x
X232,0.01917161139323607,0.01917161139323607,anonymous_x
X318,-0.019171401294744213,0.019171401294744213,anonymous_x
X11,0.01909715344519507,0.01909715344519507,anonymous_x
X651,-0.019009294871032482,0.019009294871032482,anonymous_x
X770,-0.0189911646527193,0.0189911646527193,anonymous_x
X775,0.018908385230330272,0.018908385230330272,anonymous_x
X231,0.018884681949037793,0.018884681949037793,anonymous_x
X597,0.01884402467851207,0.01884402467851207,anonymous_x
X774,0.018826723027730467,0.018826723027730467,anonymous_x
X323,-0.018815738200283726,0.018815738200283726,anonymous_x
X209,0.018783307332010182,0.018783307332010182,anonymous_x
X533,0.01865640761444846,0.01865640761444846,anonymous_x
X322,0.01861627029860088,0.01861627029860088,anonymous_x
X112,0.01859758984491453,0.01859758984491453,anonymous_x
X666,0.018569150327758754,0.018569150327758754,anonymous_x
X178,0.01844356041267537,0.01844356041267537,anonymous_x
X743,-0.01841710360580484,0.01841710360580484,anonymous_x
X536,0.018406496235556593,0.018406496235556593,anonymous_x
X144,0.01838304723628133,0.01838304723628133,anonymous_x
X129,0.018295607960215707,0.018295607960215707,anonymous_x
X649,-0.01823717376008099,0.01823717376008099,anonymous_x
X97,-0.018117464617824656,0.018117464617824656,anonymous_x
X317,-0.01803923577923193,0.01803923577923193,anonymous_x
X622,0.017990923565549127,0.017990923565549127,anonymous_x
X248,-0.017933131421868975,0.017933131421868975,anonymous_x
X166,0.01789439185323772,0.01789439185323772,anonymous_x
X359,-0.017737008799211584,0.017737008799211584,anonymous_x
X123,0.01769516983401177,0.01769516983401177,anonymous_x
X335,-0.017676684800673848,0.017676684800673848,anonymous_x
X172,0.017668119199097238,0.017668119199097238,anonymous_x
X542,0.01765736125572805,0.01765736125572805,anonymous_x
X776,0.017616690878942767,0.017616690878942767,anonymous_x
X594,0.01758907498494212,0.01758907498494212,anonymous_x
X539,0.017559845685407277,0.017559845685407277,anonymous_x
X419,-0.017509400084003632,0.017509400084003632,anonymous_x
X463,0.017407534642939926,0.017407534642939926,anonymous_x
X171,0.017405473846212015,0.017405473846212015,anonymous_x
X429,-0.01737761444092212,0.01737761444092212,anonymous_x
X345,-0.01737761444092212,0.01737761444092212,anonymous_x
X387,-0.01737761444092212,0.01737761444092212,anonymous_x
X430,0.01737153406173114,0.01737153406173114,anonymous_x
X700,-0.017351093591759032,0.017351093591759032,anonymous_x
X307,0.017346299537636573,0.017346299537636573,anonymous_x
X365,-0.01733814891758358,0.01733814891758358,anonymous_x
X336,-0.01728499054323825,0.01728499054323825,anonymous_x
X313,0.017076247903916493,0.017076247903916493,anonymous_x
X106,0.017041796746943786,0.017041796746943786,anonymous_x
X142,0.016991602740575443,0.016991602740575443,anonymous_x
X319,0.016934101094169565,0.016934101094169565,anonymous_x
X748,-0.016916128896458354,0.016916128896458354,anonymous_x
X615,-0.016906852066652198,0.016906852066652198,anonymous_x
X382,0.016905424648854302,0.016905424648854302,anonymous_x
X149,-0.01674993909272329,0.01674993909272329,anonymous_x
X646,-0.016701248924931092,0.016701248924931092,anonymous_x
X329,-0.016701054597557816,0.016701054597557816,anonymous_x
X739,0.016672160196119154,0.016672160196119154,anonymous_x
X654,-0.016659950798044318,0.016659950798044318,anonymous_x
X747,0.01665432290216779,0.01665432290216779,anonymous_x
X230,0.016650438425857735,0.016650438425857735,anonymous_x
X377,-0.016517580255594952,0.016517580255594952,anonymous_x
X58,0.016467413576370795,0.016467413576370795,anonymous_x
X233,0.016383350764322322,0.016383350764322322,anonymous_x
X165,0.016356813560331654,0.016356813560331654,anonymous_x
X579,-0.016233214471673328,0.016233214471673328,anonymous_x
X582,0.01618271488291227,0.01618271488291227,anonymous_x
X253,-0.016133037072686127,0.016133037072686127,anonymous_x
X653,-0.016101993314551973,0.016101993314551973,anonymous_x
X245,0.016065768187851326,0.016065768187851326,anonymous_x
X380,0.016035445725323574,0.016035445725323574,anonymous_x
X420,-0.01599691971227832,0.01599691971227832,anonymous_x
X2,0.015979535288786727,0.015979535288786727,anonymous_x
X409,0.015885781451354074,0.015885781451354074,anonymous_x
X755,0.015640607681408226,0.015640607681408226,anonymous_x
X34,0.015619548667431501,0.015619548667431501,anonymous_x
X369,-0.015558214402295092,0.015558214402295092,anonymous_x
X327,-0.015558214402295092,0.015558214402295092,anonymous_x
X411,-0.015558214402295092,0.015558214402295092,anonymous_x
X33,0.015283879321425099,0.015283879321425099,anonymous_x
X777,0.015263771155974642,0.015263771155974642,anonymous_x
X394,0.015243809956929814,0.015243809956929814,anonymous_x
X741,0.015205690821802563,0.015205690821802563,anonymous_x
X403,0.015195071742695127,0.015195071742695127,anonymous_x
X304,0.015193719154987169,0.015193719154987169,anonymous_x
X353,-0.015192102210686991,0.015192102210686991,anonymous_x
X537,0.015124005783969873,0.015124005783969873,anonymous_x
X699,0.0150046901351225,0.0150046901351225,anonymous_x
X505,0.0148865055873078,0.0148865055873078,anonymous_x
X311,-0.014872874659323921,0.014872874659323921,anonymous_x
X450,0.014850693923461035,0.014850693923461035,anonymous_x
X710,0.014794193282552411,0.014794193282552411,anonymous_x
X723,0.014740686370279622,0.014740686370279622,anonymous_x
X84,-0.014739061301603133,0.014739061301603133,anonymous_x
X734,0.014641438054900252,0.014641438054900252,anonymous_x
X663,0.01461882951481115,0.01461882951481115,anonymous_x
X375,-0.014557472893252882,0.014557472893252882,anonymous_x
X333,-0.014557472893252882,0.014557472893252882,anonymous_x
X417,-0.014557472893252882,0.014557472893252882,anonymous_x
X647,-0.014532725790341428,0.014532725790341428,anonymous_x
X381,-0.014480385246995296,0.014480385246995296,anonymous_x
X423,-0.014480385246995296,0.014480385246995296,anonymous_x
X339,-0.014480385246995296,0.014480385246995296,anonymous_x
X238,0.014412390989795543,0.014412390989795543,anonymous_x
X194,0.014377090483052652,0.014377090483052652,anonymous_x
X576,-0.014349428384646475,0.014349428384646475,anonymous_x
X525,0.014281478549138705,0.014281478549138705,anonymous_x
X562,0.014199254014931528,0.014199254014931528,anonymous_x
X400,0.014123986493420622,0.014123986493420622,anonymous_x
X371,-0.014121397304415416,0.014121397304415416,anonymous_x
X3,0.014077190726247782,0.014077190726247782,anonymous_x
X9,-0.01403552658958533,0.01403552658958533,anonymous_x
X766,0.014010213780652694,0.014010213780652694,anonymous_x
bid_qty,-0.014004055532025496,0.014004055532025496,public_market
X677,-0.013958369391810796,0.013958369391810796,anonymous_x
X749,0.013879072714626614,0.013879072714626614,anonymous_x
X244,0.013647339769518664,0.013647339769518664,anonymous_x
log_volume,0.013628482484256693,0.013628482484256693,derived_market
X640,-0.013568391234156528,0.013568391234156528,anonymous_x
X140,-0.013512567047662826,0.013512567047662826,anonymous_x
X182,-0.013512567047662826,0.013512567047662826,anonymous_x
X98,-0.013512567047662826,0.013512567047662826,anonymous_x
X571,0.01349940582476081,0.01349940582476081,anonymous_x
X701,-0.013375240525436104,0.013375240525436104,anonymous_x
X621,0.013364964950200906,0.013364964950200906,anonymous_x
X237,0.013157057400049748,0.013157057400049748,anonymous_x
ask_qty,-0.013154339396075692,0.013154339396075692,public_market
X8,-0.013109929029149375,0.013109929029149375,anonymous_x
X312,-0.01304076995806909,0.01304076995806909,anonymous_x
X779,0.013000770140585158,0.013000770140585158,anonymous_x
X732,-0.012998697713414822,0.012998697713414822,anonymous_x
X657,-0.012923370337031278,0.012923370337031278,anonymous_x
X7,-0.012865470802523173,0.012865470802523173,anonymous_x
X470,0.012759948434210999,0.012759948434210999,anonymous_x
X698,0.012715160301861714,0.012715160301861714,anonymous_x
X243,0.012675791844980563,0.012675791844980563,anonymous_x
X342,-0.012630888672746714,0.012630888672746714,anonymous_x
X577,0.012585790201987938,0.012585790201987938,anonymous_x
X521,0.012575621815843924,0.012575621815843924,anonymous_x
X236,0.012480293175285255,0.012480293175285255,anonymous_x
X376,0.012423099819811597,0.012423099819811597,anonymous_x
X101,-0.012403538821541413,0.012403538821541413,anonymous_x
X60,0.01238887114232718,0.01238887114232718,anonymous_x
X662,0.012366565101340968,0.012366565101340968,anonymous_x
X655,-0.01236545363182144,0.01236545363182144,anonymous_x
X90,-0.01234659086905484,0.01234659086905484,anonymous_x
X778,0.012339021695083939,0.012339021695083939,anonymous_x
X346,0.012334882911960093,0.012334882911960093,anonymous_x
X352,0.01222007148473726,0.01222007148473726,anonymous_x
X100,0.012207312130518476,0.012207312130518476,anonymous_x
X504,0.012177616815388932,0.012177616815388932,anonymous_x
X427,0.012086687170949186,0.012086687170949186,anonymous_x
X397,0.012045617814028109,0.012045617814028109,anonymous_x
X604,-0.011981911437322357,0.011981911437322357,anonymous_x
X242,0.011905652256382975,0.011905652256382975,anonymous_x
X568,0.011841120393591467,0.011841120393591467,anonymous_x
X459,0.011835690142853409,0.011835690142853409,anonymous_x
X235,0.011815231234854152,0.011815231234854152,anonymous_x
X12,0.011744428736048772,0.011744428736048772,anonymous_x
X221,0.011687500999458533,0.011687500999458533,anonymous_x
X503,0.011662989018964629,0.011662989018964629,anonymous_x
X524,0.011534421604737546,0.011534421604737546,anonymous_x
X527,0.011528132155387921,0.011528132155387921,anonymous_x
X553,-0.011452671879899344,0.011452671879899344,anonymous_x
X549,0.011411020929762235,0.011411020929762235,anonymous_x
X321,-0.011354748307917757,0.011354748307917757,anonymous_x
X363,-0.011354748307917757,0.011354748307917757,anonymous_x
X405,-0.011354748307917757,0.011354748307917757,anonymous_x
X6,-0.011285571496126696,0.011285571496126696,anonymous_x
X499,0.011160033919939735,0.011160033919939735,anonymous_x
X706,0.011059354126580061,0.011059354126580061,anonymous_x
X531,0.011041292100830838,0.011041292100830838,anonymous_x
X695,0.011014977738089836,0.011014977738089836,anonymous_x
X696,-0.010987422875345931,0.010987422875345931,anonymous_x
X85,0.010984817552970774,0.010984817552970774,anonymous_x
X498,0.010969136772593282,0.010969136772593282,anonymous_x
X252,-0.010878558326411679,0.010878558326411679,anonymous_x
X134,-0.010864710167925022,0.010864710167925022,anonymous_x
X176,-0.010864710167925022,0.010864710167925022,anonymous_x
X92,-0.010864710167925022,0.010864710167925022,anonymous_x
X388,0.010757909637453916,0.010757909637453916,anonymous_x
X530,0.010755342114600141,0.010755342114600141,anonymous_x
X213,0.010752737144146507,0.010752737144146507,anonymous_x
X683,-0.010739221848274373,0.010739221848274373,anonymous_x
X458,0.010645242970318419,0.010645242970318419,anonymous_x
X722,0.010630896391889764,0.010630896391889764,anonymous_x
X711,0.010574125829407362,0.010574125829407362,anonymous_x
X639,0.010484437712889884,0.010484437712889884,anonymous_x
X257,0.010479985086267098,0.010479985086267098,anonymous_x
X305,-0.010469731297490481,0.010469731297490481,anonymous_x
X229,0.01041513517109975,0.01041513517109975,anonymous_x
X347,-0.010349194839800362,0.010349194839800362,anonymous_x
X206,-0.01030957525516045,0.01030957525516045,anonymous_x
X348,-0.010250592706534762,0.010250592706534762,anonymous_x
X81,0.01015138915268246,0.01015138915268246,anonymous_x
X414,-0.010086709642837557,0.010086709642837557,anonymous_x
X61,0.01006283266582483,0.01006283266582483,anonymous_x
X502,0.010037652979910747,0.010037652979910747,anonymous_x
X128,-0.009997571183417625,0.009997571183417625,anonymous_x
X86,-0.009997571183417625,0.009997571183417625,anonymous_x
X170,-0.009997571183417625,0.009997571183417625,anonymous_x
X358,0.009854031762997623,0.009854031762997623,anonymous_x
X246,0.009823512640863443,0.009823512640863443,anonymous_x
X638,0.009818770349910482,0.009818770349910482,anonymous_x
X745,0.009813110155469594,0.009813110155469594,anonymous_x
X424,0.009732116832224032,0.009732116832224032,anonymous_x
X513,0.009718704594914614,0.009718704594914614,anonymous_x
X692,-0.009632324575401092,0.009632324575401092,anonymous_x
X1,-0.009565405413606867,0.009565405413606867,anonymous_x
X164,-0.00948167098939166,0.00948167098939166,anonymous_x
X122,-0.00948167098939166,0.00948167098939166,anonymous_x
X80,-0.00948167098939166,0.00948167098939166,anonymous_x
X567,-0.009444521212424813,0.009444521212424813,anonymous_x
X694,0.00944344623092892,0.00944344623092892,anonymous_x
X702,0.009413677510353761,0.009413677510353761,anonymous_x
X750,0.009399443787277376,0.009399443787277376,anonymous_x
X261,0.00932611273140811,0.00932611273140811,anonymous_x
X585,0.009308502319996855,0.009308502319996855,anonymous_x
X413,-0.009258590410643008,0.009258590410643008,anonymous_x
X728,-0.009185925174262694,0.009185925174262694,anonymous_x
X201,0.009100255692550232,0.009100255692550232,anonymous_x
X635,0.009099971124344035,0.009099971124344035,anonymous_x
X415,0.008935475339759807,0.008935475339759807,anonymous_x
X326,-0.00888290897756793,0.00888290897756793,anonymous_x
X719,0.008838920680507947,0.008838920680507947,anonymous_x
X399,-0.00883240049516293,0.00883240049516293,anonymous_x
X357,-0.00883240049516293,0.00883240049516293,anonymous_x
X315,-0.00883240049516293,0.00883240049516293,anonymous_x
X256,-0.008818948591594551,0.008818948591594551,anonymous_x
X199,-0.008814713712216966,0.008814713712216966,anonymous_x
X391,0.008709915672080577,0.008709915672080577,anonymous_x
X768,-0.008640774643276459,0.008640774643276459,anonymous_x
X558,0.008537807336289276,0.008537807336289276,anonymous_x
X239,0.00849873676158893,0.00849873676158893,anonymous_x
X500,0.008405218033783274,0.008405218033783274,anonymous_x
X703,0.008313491148832734,0.008313491148832734,anonymous_x
X675,0.008252045968898586,0.008252045968898586,anonymous_x
X490,0.008178077259103788,0.008178077259103788,anonymous_x
X634,0.008113523119571761,0.008113523119571761,anonymous_x
X543,0.008085919524740103,0.008085919524740103,anonymous_x
X535,-0.008053461293092644,0.008053461293092644,anonymous_x
X556,-0.00803498643710029,0.00803498643710029,anonymous_x
X546,0.008025376937492619,0.008025376937492619,anonymous_x
X87,0.008015029222246627,0.008015029222246627,anonymous_x
X724,-0.00795562222499513,0.00795562222499513,anonymous_x
X659,0.007939946748825994,0.007939946748825994,anonymous_x
X489,0.00792919526371621,0.00792919526371621,anonymous_x
X483,0.007878148725600382,0.007878148725600382,anonymous_x
X421,0.007821531841702882,0.007821531841702882,anonymous_x
X258,0.007756965981261445,0.007756965981261445,anonymous_x
X541,-0.007741232774243055,0.007741232774243055,anonymous_x
X491,0.007724640341613301,0.007724640341613301,anonymous_x
X672,-0.007710467996746368,0.007710467996746368,anonymous_x
X544,-0.00770648219433765,0.00770648219433765,anonymous_x
X674,0.007705079799428137,0.007705079799428137,anonymous_x
X729,0.007510037769537498,0.007510037769537498,anonymous_x
X93,0.007503343973255622,0.007503343973255622,anonymous_x
X725,0.007446172852250559,0.007446172852250559,anonymous_x
X707,0.007445835576307291,0.007445835576307291,anonymous_x
X227,-0.007439561020464524,0.007439561020464524,anonymous_x
X547,-0.007383136780926462,0.007383136780926462,anonymous_x
X495,0.007367720177904639,0.007367720177904639,anonymous_x
X534,0.007357234796342013,0.007357234796342013,anonymous_x
X620,0.007356599557256314,0.007356599557256314,anonymous_x
X487,-0.0073532651854128685,0.0073532651854128685,anonymous_x
X482,0.007340157881552192,0.007340157881552192,anonymous_x
X442,0.00730044356618966,0.00730044356618966,anonymous_x
X738,0.007292957022789313,0.007292957022789313,anonymous_x
X484,0.0072928600871561625,0.0072928600871561625,anonymous_x
X260,0.007223738909425455,0.007223738909425455,anonymous_x
X519,0.007184122531567351,0.007184122531567351,anonymous_x
X601,-0.007170153073632082,0.007170153073632082,anonymous_x
X688,-0.00715030386770712,0.00715030386770712,anonymous_x
X143,-0.007149325106968264,0.007149325106968264,anonymous_x
X306,-0.007123259187133053,0.007123259187133053,anonymous_x
X351,-0.007101045594423124,0.007101045594423124,anonymous_x
X393,-0.007101045594423124,0.007101045594423124,anonymous_x
X309,-0.007101045594423124,0.007101045594423124,anonymous_x
volume_per_book_qty,0.007048578578922156,0.007048578578922156,derived_market
trade_imbalance,-0.006994932699082971,0.006994932699082971,derived_market
X479,0.006929134749447769,0.006929134749447769,anonymous_x
X462,0.006925217286508607,0.006925217286508607,anonymous_x
X636,-0.006918503751775554,0.006918503751775554,anonymous_x
X386,0.006894536737861676,0.006894536737861676,anonymous_x
X771,-0.006851387443494089,0.006851387443494089,anonymous_x
X643,0.006820550870115132,0.006820550870115132,anonymous_x
volume_per_trade_qty,-0.006797907493484996,0.006797907493484996,derived_market
X249,0.0067873419613402475,0.0067873419613402475,anonymous_x
X715,0.006775795188494724,0.006775795188494724,anonymous_x
X408,-0.006713962725778004,0.006713962725778004,anonymous_x
X494,-0.006707882016753922,0.006707882016753922,anonymous_x
X406,0.00670298153999667,0.00670298153999667,anonymous_x
X4,0.006696450446778431,0.006696450446778431,anonymous_x
X767,-0.006585807666452175,0.006585807666452175,anonymous_x
X642,0.006575633186619648,0.006575633186619648,anonymous_x
X469,0.006566618022177288,0.006566618022177288,anonymous_x
X497,0.0064188298551687015,0.0064188298551687015,anonymous_x
X658,0.006384167895840172,0.006384167895840172,anonymous_x
X681,-0.006354761500467941,0.006354761500467941,anonymous_x
X697,-0.0062794070636713805,0.0062794070636713805,anonymous_x
X74,-0.006274221973860138,0.006274221973860138,anonymous_x
X158,-0.006274221973860138,0.006274221973860138,anonymous_x
X116,-0.006274221973860138,0.006274221973860138,anonymous_x
X66,0.006255105618924778,0.006255105618924778,anonymous_x
X259,0.006241035197516898,0.006241035197516898,anonymous_x
X631,0.006169174780101076,0.006169174780101076,anonymous_x
X682,-0.0061620182123755295,0.0061620182123755295,anonymous_x
X718,0.006152116948748862,0.006152116948748862,anonymous_x
X418,0.006095725328355472,0.006095725328355472,anonymous_x
X637,0.006076102730905326,0.006076102730905326,anonymous_x
X737,0.006014601521109623,0.006014601521109623,anonymous_x
book_imbalance,0.006013088895172824,0.006013088895172824,derived_market
X509,0.005954285388226263,0.005954285388226263,anonymous_x
X207,-0.005894405072540031,0.005894405072540031,anonymous_x
X769,-0.005847023929380214,0.005847023929380214,anonymous_x
X641,0.005844329887066279,0.005844329887066279,anonymous_x
X742,0.005764131702722242,0.005764131702722242,anonymous_x
X251,-0.005713598154564012,0.005713598154564012,anonymous_x
X720,-0.005704222095295785,0.005704222095295785,anonymous_x
X78,-0.00567094226450462,0.00567094226450462,anonymous_x
X669,0.005635752557328028,0.005635752557328028,anonymous_x
X630,0.0055816020585707175,0.0055816020585707175,anonymous_x
X192,-0.005575646886940488,0.005575646886940488,anonymous_x
X370,0.005566444752304223,0.005566444752304223,anonymous_x
X733,-0.005492735374700537,0.005492735374700537,anonymous_x
X714,0.005447325851962819,0.005447325851962819,anonymous_x
X152,-0.0054463856086937636,0.0054463856086937636,anonymous_x
X68,-0.0054463856086937636,0.0054463856086937636,anonymous_x
X110,-0.0054463856086937636,0.0054463856086937636,anonymous_x
X772,0.005414911071873037,0.005414911071873037,anonymous_x
X104,-0.005319151090076948,0.005319151090076948,anonymous_x
X146,-0.005319151090076948,0.005319151090076948,anonymous_x
X62,-0.005319151090076948,0.005319151090076948,anonymous_x
X457,0.00527406533528562,0.00527406533528562,anonymous_x
X538,-0.00520026793651219,0.00520026793651219,anonymous_x
X478,0.005167753791321019,0.005167753791321019,anonymous_x
X91,-0.005067945426608988,0.005067945426608988,anonymous_x
X515,0.005051494427660955,0.005051494427660955,anonymous_x
X552,0.005012083130139102,0.005012083130139102,anonymous_x
X449,0.004981372262475182,0.004981372262475182,anonymous_x
X480,0.004961998826375507,0.004961998826375507,anonymous_x
X208,0.004957752771157035,0.004957752771157035,anonymous_x
X523,-0.004824602292363147,0.004824602292363147,anonymous_x
X364,0.004822614699818145,0.004822614699818145,anonymous_x
X390,0.004812959082838457,0.004812959082838457,anonymous_x
X496,0.0047927198397835205,0.0047927198397835205,anonymous_x
X721,0.004779602684017715,0.004779602684017715,anonymous_x
X540,0.004705026602373273,0.004705026602373273,anonymous_x
X588,-0.004670269776359252,0.004670269776359252,anonymous_x
X234,0.004665220143941737,0.004665220143941737,anonymous_x
X241,0.004385690612431115,0.004385690612431115,anonymous_x
X96,-0.004349950452035533,0.004349950452035533,anonymous_x
X691,0.004298496611437095,0.004298496611437095,anonymous_x
X486,-0.004278807414704161,0.004278807414704161,anonymous_x
X407,-0.004254318896637257,0.004254318896637257,anonymous_x
X665,0.004215573035531784,0.004215573035531784,anonymous_x
X619,0.004198538762665547,0.004198538762665547,anonymous_x
X262,0.004196464741918049,0.004196464741918049,anonymous_x
X522,0.004139175724765618,0.004139175724765618,anonymous_x
X616,-0.004128550182426405,0.004128550182426405,anonymous_x
X493,-0.004019023710600203,0.004019023710600203,anonymous_x
X468,0.003999172832797097,0.003999172832797097,anonymous_x
X746,0.0039092501636276015,0.0039092501636276015,anonymous_x
X441,0.003895895865519034,0.003895895865519034,anonymous_x
X13,0.0038842238313323385,0.0038842238313323385,anonymous_x
X564,0.003856238850865935,0.003856238850865935,anonymous_x
X401,-0.0038517089519734334,0.0038517089519734334,anonymous_x
X598,-0.003809645067039516,0.003809645067039516,anonymous_x
X690,0.0037314344869943316,0.0037314344869943316,anonymous_x
X512,0.003723991670986053,0.003723991670986053,anonymous_x
X679,-0.0035687588561026024,0.0035687588561026024,anonymous_x
X5,-0.003487154809870281,0.003487154809870281,anonymous_x
X481,0.00346991310640196,0.00346991310640196,anonymous_x
X467,0.003452928778692291,0.003452928778692291,anonymous_x
X550,-0.0034247849023430355,0.0034247849023430355,anonymous_x
X693,-0.00336673389327744,0.00336673389327744,anonymous_x
X448,0.0032979924497173207,0.0032979924497173207,anonymous_x
X492,0.003293049673787409,0.003293049673787409,anonymous_x
X200,-0.003291544599857763,0.003291544599857763,anonymous_x
X633,0.003270664717921324,0.003270664717921324,anonymous_x
X488,0.003262804935977376,0.003262804935977376,anonymous_x
X516,0.0032430821952952574,0.0032430821952952574,anonymous_x
X16,-0.003242976575211808,0.003242976575211808,anonymous_x
X559,0.00313834981229553,0.00313834981229553,anonymous_x
X685,0.003087091848155455,0.003087091848155455,anonymous_x
X247,0.003056995765123299,0.003056995765123299,anonymous_x
X518,0.00303581715232226,0.00303581715232226,anonymous_x
X595,-0.002967553753929549,0.002967553753929549,anonymous_x
X660,0.0029071713103633423,0.0029071713103633423,anonymous_x
X510,0.002849262414266156,0.002849262414266156,anonymous_x
X664,0.0028196393897952816,0.0028196393897952816,anonymous_x
X678,-0.0027567810864003346,0.0027567810864003346,anonymous_x
X475,-0.002743419078996312,0.002743419078996312,anonymous_x
X526,-0.0027067161032113406,0.0027067161032113406,anonymous_x
X570,0.0026897508657412346,0.0026897508657412346,anonymous_x
X447,0.0026837335173141106,0.0026837335173141106,anonymous_x
X395,-0.002626410429021169,0.002626410429021169,anonymous_x
X617,-0.0025506923670535345,0.0025506923670535345,anonymous_x
X320,-0.002516633871812828,0.002516633871812828,anonymous_x
X396,0.0024921444895423424,0.0024921444895423424,anonymous_x
X476,-0.0024533519501508468,0.0024533519501508468,anonymous_x
X717,0.002299161809433545,0.002299161809433545,anonymous_x
X591,-0.002266285733576641,0.002266285733576641,anonymous_x
X440,0.0022323472182114437,0.0022323472182114437,anonymous_x
X645,-0.0021434582778610454,0.0021434582778610454,anonymous_x
X460,-0.0020541670064480743,0.0020541670064480743,anonymous_x
X661,0.0019927893563060056,0.0019927893563060056,anonymous_x
X446,0.001972943733096301,0.001972943733096301,anonymous_x
X485,0.001970599266312443,0.001970599266312443,anonymous_x
X402,-0.0018038691164966774,0.0018038691164966774,anonymous_x
X561,0.0017913917199417035,0.0017913917199417035,anonymous_x
X412,0.0017727426451034842,0.0017727426451034842,anonymous_x
X511,-0.0016548552310971037,0.0016548552310971037,anonymous_x
X474,-0.0016242421076078468,0.0016242421076078468,anonymous_x
X240,0.0015855179426711816,0.0015855179426711816,anonymous_x
X632,-0.0014787556975561567,0.0014787556975561567,anonymous_x
X193,0.001440976948309963,0.001440976948309963,anonymous_x
X555,0.0014400897488189251,0.0014400897488189251,anonymous_x
X689,-0.001399539890205647,0.001399539890205647,anonymous_x
X514,-0.0013680817130928738,0.0013680817130928738,anonymous_x
X687,-0.001295185669900277,0.001295185669900277,anonymous_x
X220,0.0012838533547746324,0.0012838533547746324,anonymous_x
X308,0.0012425507672084346,0.0012425507672084346,anonymous_x
X461,0.001216832275792717,0.001216832275792717,anonymous_x
X520,-0.0011993748415892026,0.0011993748415892026,anonymous_x
X517,-0.001164891772192962,0.001164891772192962,anonymous_x
X673,0.0010753780025371162,0.0010753780025371162,anonymous_x
X263,-0.0010657643536943556,0.0010657643536943556,anonymous_x
X573,0.001048951066152391,0.001048951066152391,anonymous_x
X14,0.0010282016116289834,0.0010282016116289834,anonymous_x
X439,0.0010143191119428273,0.0010143191119428273,anonymous_x
X686,-0.0009979009866886335,0.0009979009866886335,anonymous_x
X501,0.0009159885772443316,0.0009159885772443316,anonymous_x
X477,-0.0009081504770483861,0.0009081504770483861,anonymous_x
X456,-0.0008984842236308204,0.0008984842236308204,anonymous_x
X455,-0.0008713849858090783,0.0008713849858090783,anonymous_x
X72,0.0008425418392201703,0.0008425418392201703,anonymous_x
X389,-0.00081419036564431,0.00081419036564431,anonymous_x
X528,0.00070208732167726,0.00070208732167726,anonymous_x
X565,0.0006920899788798564,0.0006920899788798564,anonymous_x
X250,0.0006779782230674333,0.0006779782230674333,anonymous_x
X668,0.0006327265910565169,0.0006327265910565169,anonymous_x
X228,0.0006232563543083479,0.0006232563543083479,anonymous_x
X618,0.0005713183543955693,0.0005713183543955693,anonymous_x
X15,-0.0005468527568881284,0.0005468527568881284,anonymous_x
X454,-0.00048088559880423185,0.00048088559880423185,anonymous_x
X532,-0.0004701354582452277,0.0004701354582452277,anonymous_x
X716,-0.0004468849279732425,0.0004468849279732425,anonymous_x
X314,0.00027322648978406335,0.00027322648978406335,anonymous_x
X773,0.00025322314786542857,0.00025322314786542857,anonymous_x
X453,-0.0002444982080935421,0.0002444982080935421,anonymous_x
X529,0.000180046681566385,0.000180046681566385,anonymous_x
