feature,gain_importance,feature_group,abs_pearson
X466,133289.01098632812,anonymous_x,0.04848669057451872
X33,75988.03186035156,anonymous_x,0.015283879321425099
X752,72403.76025390625,anonymous_x,0.09042828637775713
X272,70108.91613769531,anonymous_x,0.04423127315573677
X758,67429.11199951172,anonymous_x,0.025000189604108148
X738,48942.99475097656,anonymous_x,0.007292957022789313
X280,48738.60516357422,anonymous_x,0.03853298505142612
X198,42675.14709472656,anonymous_x,0.046788106484906375
X757,40361.951721191406,anonymous_x,0.05733166152419849
X611,39616.35791015625,anonymous_x,0.07027809246330297
X291,36283.915954589844,anonymous_x,0.06717090589468602
X614,34425.642822265625,anonymous_x,0.08372826235427276
X344,32710.100189208984,anonymous_x,0.030721413938962615
X778,32121.044891357422,anonymous_x,0.012339021695083939
X684,31588.298736572266,anonymous_x,0.03190420158296128
X613,30141.747802734375,anonymous_x,0.03114859754543743
X465,29469.496948242188,anonymous_x,0.04927605331653583
X284,27274.39080810547,anonymous_x,0.048017325214379035
X136,26753.923706054688,anonymous_x,0.04174371991658902
X759,26151.36004638672,anonymous_x,0.07605892331699822
X588,24466.88507080078,anonymous_x,0.004670269776359252
X331,22200.40997314453,anonymous_x,0.0323621482379374
X780,21136.560913085938,anonymous_x,0.020338320043821616
X23,20064.89501953125,anonymous_x,0.04555377385747727
X342,19952.965942382812,anonymous_x,0.012630888672746714
X95,19444.79901123047,anonymous_x,0.04188608955427399
X591,19352.263732910156,anonymous_x,0.002266285733576641
X97,19034.786865234375,anonymous_x,0.018117464617824656
X612,17743.440979003906,anonymous_x,0.05643951771491564
X772,17322.57601928711,anonymous_x,0.005414911071873037
X592,17294.655029296875,anonymous_x,0.04852629502253957
X37,17199.77081298828,anonymous_x,0.02938072742452243
X22,17154.241088867188,anonymous_x,0.05467650341494947
X674,16662.705993652344,anonymous_x,0.007705079799428137
X96,16117.622131347656,anonymous_x,0.004349950452035533
X180,15931.511932373047,anonymous_x,0.02810266048366361
X751,15649.270751953125,anonymous_x,0.0266399873897323
X337,15256.185119628906,anonymous_x,0.033908301955634795
X279,15047.794067382812,anonymous_x,0.021011053083398352
X425,14914.604064941406,anonymous_x,0.02486007254633334
X341,14517.741943359375,anonymous_x,0.020063651708890972
X174,14269.35693359375,anonymous_x,0.025927044070083498
X586,13609.510986328125,anonymous_x,0.048632061499750884
X428,13282.93099975586,anonymous_x,0.0292613187939723
X779,13274.687072753906,anonymous_x,0.013000770140585158
X31,13239.140991210938,anonymous_x,0.04227544239301647
X287,12971.7890625,anonymous_x,0.06477985547964456
X443,12900.687927246094,anonymous_x,0.021036394126577124
X336,12749.757019042969,anonymous_x,0.01728499054323825
X91,12590.808044433594,anonymous_x,0.005067945426608988
X584,12510.965087890625,anonymous_x,0.05487100428893529
X683,12325.711059570312,anonymous_x,0.010739221848274373
X424,12005.537017822266,anonymous_x,0.009732116832224032
X582,11971.743896484375,anonymous_x,0.01618271488291227
X629,11969.073120117188,anonymous_x,0.039483952183310765
X564,11922.48095703125,anonymous_x,0.003856238850865935
X608,11846.851989746094,anonymous_x,0.07006472333182509
X35,11629.582946777344,anonymous_x,0.01968327503054959
X167,11600.210021972656,anonymous_x,0.04441877066638661
X457,11531.685852050781,anonymous_x,0.00527406533528562
X578,11456.282775878906,anonymous_x,0.05071700566848772
X282,11245.791198730469,anonymous_x,0.04209563966610206
X28,10521.518005371094,anonymous_x,0.07213997433928017
X656,10509.530944824219,anonymous_x,0.05110909531904909
X607,10433.856018066406,anonymous_x,0.023677069856995525
X730,10286.56201171875,anonymous_x,0.02191313828749516
X295,9687.239990234375,anonymous_x,0.0670041552527315
X290,9596.356079101562,anonymous_x,0.05891021127483122
X675,9593.340148925781,anonymous_x,0.008252045968898586
X98,9422.387939453125,anonymous_x,0.013512567047662826
X558,9174.710083007812,anonymous_x,0.008537807336289276
X270,9139.480834960938,anonymous_x,0.026710300415976662
X380,9123.731079101562,anonymous_x,0.016035445725323574
X285,8986.412109375,anonymous_x,0.054245130189340476
X777,8958.448150634766,anonymous_x,0.015263771155974642
X679,8810.713989257812,anonymous_x,0.0035687588561026024
X332,8809.01708984375,anonymous_x,0.021818407093622302
X132,8798.894958496094,anonymous_x,0.038126902761506924
X373,8697.238952636719,anonymous_x,0.06095873215937678
X385,8376.992004394531,anonymous_x,0.06084700955870607
X769,8372.473999023438,anonymous_x,0.005847023929380214
X610,8037.716857910156,anonymous_x,0.03221377369317932
X338,7984.723114013672,anonymous_x,0.026872973379200648
X422,7969.121032714844,anonymous_x,0.028117685278794293
X289,7913.470031738281,anonymous_x,0.06593637043359542
X427,7801.698059082031,anonymous_x,0.012086687170949186
X386,7767.5169677734375,anonymous_x,0.006894536737861676
X379,7722.2559814453125,anonymous_x,0.06237086256795324
X445,7686.049865722656,anonymous_x,0.03197248197863053
X604,7617.489074707031,anonymous_x,0.011981911437322357
X278,7610.58984375,anonymous_x,0.023175934281888654
X776,7574.4189453125,anonymous_x,0.017616690878942767
X732,7565.8060302734375,anonymous_x,0.012998697713414822
X17,7507.109191894531,anonymous_x,0.03047577148280471
X21,7402.47705078125,anonymous_x,0.06737474933113866
X585,7400.352966308594,anonymous_x,0.009308502319996855
X553,7322.201904296875,anonymous_x,0.011452671879899344
X739,7301.482116699219,anonymous_x,0.016672160196119154
X756,7269.3389892578125,anonymous_x,0.05615301401611415
X464,6944.7020263671875,anonymous_x,0.04048284077663359
X500,6739.810028076172,anonymous_x,0.008405218033783274
X773,6695.0511474609375,anonymous_x,0.00025322314786542857
X384,6680.18798828125,anonymous_x,0.031138353593536148
X179,6599.9560546875,anonymous_x,0.04782551959801711
X761,6526.373840332031,anonymous_x,0.05562813098430559
X450,6438.735046386719,anonymous_x,0.014850693923461035
X650,6426.8690185546875,anonymous_x,0.022618797618099998
X589,6408.4759521484375,anonymous_x,0.02217017380162104
X40,6396.051940917969,anonymous_x,0.04301649988565012
X292,6392.111083984375,anonymous_x,0.06106399401540966
X218,6373.1849365234375,anonymous_x,0.06106106851801936
X173,6100.834045410156,anonymous_x,0.04656643104999975
X269,6086.796813964844,anonymous_x,0.028691862162555034
X138,5924.351989746094,anonymous_x,0.045026672024868375
X740,5922.240966796875,anonymous_x,0.02464764246842252
X420,5919.924011230469,anonymous_x,0.01599691971227832
X343,5878.327087402344,anonymous_x,0.03256909271426534
X768,5807.535949707031,anonymous_x,0.008640774643276459
X383,5737.2080078125,anonymous_x,0.02050478107358211
X572,5734.70703125,anonymous_x,0.05150722454221937
X421,5726.4459228515625,anonymous_x,0.007821531841702882
X333,5695.595947265625,anonymous_x,0.014557472893252882
X580,5695.301086425781,anonymous_x,0.031779867828046884
X508,5553.694030761719,anonymous_x,0.042523933519404554
X426,5552.7459716796875,anonymous_x,0.02405279194745148
X89,5537.554016113281,anonymous_x,0.041363759229578
X181,5528.5589599609375,anonymous_x,0.05025757993472288
X647,5518.4990234375,anonymous_x,0.014532725790341428
X42,5499.925048828125,anonymous_x,0.0461826152659111
X296,5487.8509521484375,anonymous_x,0.06159814491291643
X178,5458.957946777344,anonymous_x,0.01844356041267537
X413,5395.822021484375,anonymous_x,0.009258590410643008
X419,5368.381042480469,anonymous_x,0.017509400084003632
X85,5292.6099853515625,anonymous_x,0.010984817552970774
X139,5181.73193359375,anonymous_x,0.0292725239156249
X88,5164.009033203125,anonymous_x,0.04999262837911145
X39,5139.84912109375,anonymous_x,0.042838539018360836
X775,4913.424011230469,anonymous_x,0.018908385230330272
X24,4817.4639892578125,anonymous_x,0.037985261359970254
X762,4817.152038574219,anonymous_x,0.03852299332262404
X286,4779.452087402344,anonymous_x,0.05613349590609097
X219,4765.645080566406,anonymous_x,0.058142129898771606
X562,4747.6480712890625,anonymous_x,0.014199254014931528
X283,4731.6138916015625,anonymous_x,0.04868332626601322
X298,4576.666076660156,anonymous_x,0.062120750255576444
X32,4538.2769775390625,anonymous_x,0.03758551680842521
X570,4515.3349609375,anonymous_x,0.0026897508657412346
X571,4513.080078125,anonymous_x,0.01349940582476081
X605,4468.971008300781,anonymous_x,0.0668836860985887
X300,4425.68701171875,anonymous_x,0.0617040670129732
X126,4368.269958496094,anonymous_x,0.030439753291870344
X731,4367.5999755859375,anonymous_x,0.029737362906434393
X166,4266.770080566406,anonymous_x,0.01789439185323772
X130,4262.39697265625,anonymous_x,0.03653380823470281
X652,4232.347961425781,anonymous_x,0.05747003187843087
X643,4213.8399658203125,anonymous_x,0.006820550870115132
X281,4211.744079589844,anonymous_x,0.04529989785579475
X712,4191.476989746094,anonymous_x,0.026249181705187682
X177,4147.4549560546875,anonymous_x,0.02167399985688925
X325,4128.515075683594,anonymous_x,0.020466334591785307
X550,4115.315002441406,anonymous_x,0.0034247849023430355
X680,4103.751037597656,anonymous_x,0.029616196011183843
X583,4055.3469848632812,anonymous_x,0.025323951512796747
X329,3926.9349365234375,anonymous_x,0.016701054597557816
X576,3921.1749877929688,anonymous_x,0.014349428384646475
X556,3902.06005859375,anonymous_x,0.00803498643710029
X750,3778.9049682617188,anonymous_x,0.009399443787277376
X387,3749.9620971679688,anonymous_x,0.01737761444092212
X345,3732.9610595703125,anonymous_x,0.01737761444092212
X271,3726.781982421875,anonymous_x,0.026375115375143712
X374,3718.1959838867188,anonymous_x,0.02169324795916523
X736,3697.2230224609375,anonymous_x,0.019768914636573178
X555,3663.0509643554688,anonymous_x,0.0014400897488189251
X415,3658.6959838867188,anonymous_x,0.008935475339759807
X507,3639.7529907226562,anonymous_x,0.040175530841631404
X297,3619.6500244140625,anonymous_x,0.0661548523802913
X25,3617.3430786132812,anonymous_x,0.041280532478469134
X264,3613.6339111328125,anonymous_x,0.030459772108378566
X765,3602.1520385742188,anonymous_x,0.025151223849154837
X646,3600.6800537109375,anonymous_x,0.016701248924931092
X335,3578.1279296875,anonymous_x,0.017676684800673848
X418,3555.39599609375,anonymous_x,0.006095725328355472
X86,3530.1829223632812,anonymous_x,0.009997571183417625
X30,3507.833984375,anonymous_x,0.04911998963442409
X760,3502.8270263671875,anonymous_x,0.03592142918646942
X175,3411.1830444335938,anonymous_x,0.05120059667728391
X27,3378.4109497070312,anonymous_x,0.072856086243638
X340,3319.208984375,anonymous_x,0.022117855867462094
X168,3202.342041015625,anonymous_x,0.02411729985997315
X734,3187.35400390625,anonymous_x,0.014641438054900252
X654,3187.3009643554688,anonymous_x,0.016659950798044318
X463,3184.5699462890625,anonymous_x,0.017407534642939926
X577,3131.31689453125,anonymous_x,0.012585790201987938
X191,3050.718994140625,anonymous_x,0.028852210823326518
X294,3042.9080810546875,anonymous_x,0.06140958019828977
X670,3015.1829833984375,anonymous_x,0.021893235005618416
X754,3011.2149658203125,anonymous_x,0.06614545118220005
X711,2965.2060546875,anonymous_x,0.010574125829407362
X590,2930.949951171875,anonymous_x,0.054243497978920946
X579,2903.1109924316406,anonymous_x,0.016233214471673328
X574,2893.3099975585938,anonymous_x,0.032086256704288316
X432,2892.89990234375,anonymous_x,0.03815796568492825
X82,2884.4810180664062,anonymous_x,0.04082288584106524
X416,2860.0269165039062,anonymous_x,0.02321088811013105
X90,2857.531005859375,anonymous_x,0.01234659086905484
X435,2848.6018676757812,anonymous_x,0.03929566000203933
X169,2810.9609375,anonymous_x,0.05105220117543842
X172,2761.7659912109375,anonymous_x,0.017668119199097238
X671,2622.5660400390625,anonymous_x,0.023252379781914703
X581,2593.5419921875,anonymous_x,0.02638842560673188
X566,2584.0750732421875,anonymous_x,0.04044299417890854
X602,2561.5250244140625,anonymous_x,0.05975565591588093
X753,2510.9819946289062,anonymous_x,0.0661481215490222
X124,2490.1659545898438,anonymous_x,0.031425019402399126
X339,2489.8029174804688,anonymous_x,0.014480385246995296
X735,2470.385986328125,anonymous_x,0.022294470850354853
X182,2425.1100463867188,anonymous_x,0.013512567047662826
X573,2390.5769653320312,anonymous_x,0.001048951066152391
X642,2337.3799438476562,anonymous_x,0.006575633186619648
X501,2320.125,anonymous_x,0.0009159885772443316
X327,2280.8190307617188,anonymous_x,0.015558214402295092
X36,2267.260009765625,anonymous_x,0.0202689482426124
X569,2246.5869750976562,anonymous_x,0.029918217463461225
X560,2245.5139770507812,anonymous_x,0.04143968426409603
X541,2236.5910034179688,anonymous_x,0.007741232774243055
X458,2230.6300048828125,anonymous_x,0.010645242970318419
X609,2217.6199951171875,anonymous_x,0.04949183155977503
X293,2210.320068359375,anonymous_x,0.06718581130758063
X217,2206.4730224609375,anonymous_x,0.05852583670657166
X710,2166.3570556640625,anonymous_x,0.014794193282552411
X92,2136.1909790039062,anonymous_x,0.010864710167925022
X288,2078.218017578125,anonymous_x,0.05735099769552275
X163,2044.1879272460938,anonymous_x,0.05326081648378826
X727,2031.8489990234375,anonymous_x,0.025717533069398973
X41,1971.3750305175781,anonymous_x,0.04584073174451407
X407,1967.9169921875,anonymous_x,0.004254318896637257
X38,1959.801025390625,anonymous_x,0.029527117678621644
X125,1957.0979614257812,anonymous_x,0.049813069707894835
X122,1943.0650024414062,anonymous_x,0.00948167098939166
X559,1942.81201171875,anonymous_x,0.00313834981229553
X205,1940.4829711914062,anonymous_x,0.03642704530564114
X371,1926.072998046875,anonymous_x,0.014121397304415416
X190,1924.0410766601562,anonymous_x,0.03570488971812821
X55,1896.0699462890625,anonymous_x,0.054011519204721845
X699,1894.239990234375,anonymous_x,0.0150046901351225
X587,1869.2050170898438,anonymous_x,0.025839069220776164
X299,1828.81298828125,anonymous_x,0.06210310974129745
X676,1827.887939453125,anonymous_x,0.023572685415131484
X334,1815.3560180664062,anonymous_x,0.022407533023736034
X546,1791.153076171875,anonymous_x,0.008025376937492619
X164,1604.97998046875,anonymous_x,0.00948167098939166
X326,1594.8349609375,anonymous_x,0.00888290897756793
X767,1570.5809936523438,anonymous_x,0.006585807666452175
X79,1504.3399658203125,anonymous_x,0.02472333145953982
X444,1469.0280151367188,anonymous_x,0.030134767205566914
X161,1462.0339965820312,anonymous_x,0.03737124362943733
X137,1453.8670043945312,anonymous_x,0.05012335050525043
X606,1411.8699951171875,anonymous_x,0.04143190222307858
X20,1404.7579956054688,anonymous_x,0.07083815198623727
X774,1359.3800048828125,anonymous_x,0.018826723027730467
X552,1329.75,anonymous_x,0.005012083130139102
X547,1317.5,anonymous_x,0.007383136780926462
X52,1316.1950073242188,anonymous_x,0.056675374735360676
X452,1278.9100341796875,anonymous_x,0.023346228634426654
X438,1263.4309997558594,anonymous_x,0.03936346438411252
X51,1255.5010375976562,anonymous_x,0.054362414950371515
X303,1253.3699951171875,anonymous_x,0.05911901710338867
X44,1244.2099609375,anonymous_x,0.051288569951309156
X80,1240.510009765625,anonymous_x,0.00948167098939166
X412,1238.050048828125,anonymous_x,0.0017727426451034842
X709,1218.3599853515625,anonymous_x,0.029616959124191142
X247,1212.72998046875,anonymous_x,0.003056995765123299
X657,1173.56005859375,anonymous_x,0.012923370337031278
X185,1132.0,anonymous_x,0.020815907395796616
X563,1131.6629943847656,anonymous_x,0.027538149646709954
X302,1128.8599853515625,anonymous_x,0.06076705712326155
X472,1103.2350463867188,anonymous_x,0.030720375145277215
X451,1092.3499755859375,anonymous_x,0.02196240148917725
X600,1049.6600341796875,anonymous_x,0.01980342099484052
X538,999.0040283203125,anonymous_x,0.00520026793651219
X123,988.8330078125,anonymous_x,0.01769516983401177
X171,981.9119873046875,anonymous_x,0.017405473846212015
X575,976.7169799804688,anonymous_x,0.029062302490974367
X43,974.7130126953125,anonymous_x,0.051021532755800195
X411,967.3610229492188,anonymous_x,0.015558214402295092
X29,966.6810302734375,anonymous_x,0.06548598136669224
X49,964.5969848632812,anonymous_x,0.056305219551853226
X459,953.5040283203125,anonymous_x,0.011835690142853409
X677,944.9290161132812,anonymous_x,0.013958369391810796
X315,936.2559814453125,anonymous_x,0.00883240049516293
X197,926.4290161132812,anonymous_x,0.04961933787885375
X170,900.0079956054688,anonymous_x,0.009997571183417625
X376,879.5150146484375,anonymous_x,0.012423099819811597
X140,860.75,anonymous_x,0.013512567047662826
X131,857.4210205078125,anonymous_x,0.05110612140136442
X456,850.4949951171875,anonymous_x,0.0008984842236308204
X368,844.2030029296875,anonymous_x,0.03272560443140064
X76,839.3920288085938,anonymous_x,0.029783875550616963
X133,830.4719848632812,anonymous_x,0.03313784486534662
X713,826.64599609375,anonymous_x,0.026386036415924845
X226,792.791015625,anonymous_x,0.03807412737660148
X678,789.489013671875,anonymous_x,0.0027567810864003346
X655,782.114990234375,anonymous_x,0.01236545363182144
X462,773.239990234375,anonymous_x,0.006925217286508607
X233,762.989013671875,anonymous_x,0.016383350764322322
X653,747.9600219726562,anonymous_x,0.016101993314551973
X475,747.8759765625,anonymous_x,0.002743419078996312
X565,745.2620239257812,anonymous_x,0.0006920899788798564
X623,742.3709716796875,anonymous_x,0.026289178531902383
X479,735.8599853515625,anonymous_x,0.006929134749447769
X46,734.6339721679688,anonymous_x,0.053418950217455456
X128,732.6580200195312,anonymous_x,0.009997571183417625
X567,732.5430297851562,anonymous_x,0.009444521212424813
X471,720.8880004882812,anonymous_x,0.026844390581591764
X84,716.3569946289062,anonymous_x,0.014739061301603133
X627,713.3350219726562,anonymous_x,0.037025555573077025
X321,712.3870239257812,anonymous_x,0.011354748307917757
X557,706.5900268554688,anonymous_x,0.028639502588563955
X625,705.3480224609375,anonymous_x,0.03493436316910102
X766,700.9219970703125,anonymous_x,0.014010213780652694
X121,694.9760131835938,anonymous_x,0.048300263004014896
X403,688.0260009765625,anonymous_x,0.015195071742695127
X378,679.0050048828125,anonymous_x,0.03192507907970872
X367,670.989990234375,anonymous_x,0.05804342804730954
X706,669.5659790039062,anonymous_x,0.011059354126580061
X382,669.2589721679688,anonymous_x,0.016905424648854302
X375,667.968994140625,anonymous_x,0.014557472893252882
X548,666.5540161132812,anonymous_x,0.025408966996082187
X624,661.843017578125,anonymous_x,0.023864907818860605
X499,640.3729858398438,anonymous_x,0.011160033919939735
X127,638.3930053710938,anonymous_x,0.039081185336893406
X50,633.9650268554688,anonymous_x,0.0574960964015352
X708,633.60498046875,anonymous_x,0.02970105292622182
X707,625.9439697265625,anonymous_x,0.007445835576307291
X505,625.7059936523438,anonymous_x,0.0148865055873078
X764,624.8930053710938,anonymous_x,0.026970331560513084
X330,623.4719848632812,anonymous_x,0.020823221586468082
X644,619.718017578125,anonymous_x,0.027741225666163542
X506,619.1959838867188,anonymous_x,0.02939089360862046
X277,617.864990234375,anonymous_x,0.029173542678530125
X94,611.7369995117188,anonymous_x,0.05727453005977616
X410,611.072998046875,anonymous_x,0.024587825808543993
X638,611.0419921875,anonymous_x,0.009818770349910482
X651,609.822021484375,anonymous_x,0.019009294871032482
X530,601.4149780273438,anonymous_x,0.010755342114600141
X183,597.8909912109375,anonymous_x,0.02428776172056668
X372,591.93701171875,anonymous_x,0.03094306325100905
X685,539.6649780273438,anonymous_x,0.003087091848155455
X561,510.80499267578125,anonymous_x,0.0017913917199417035
X442,509.83099365234375,anonymous_x,0.00730044356618966
bid_qty,0.0,public_market,0.014004055532025496
X741,0.0,anonymous_x,0.015205690821802563
X742,0.0,anonymous_x,0.005764131702722242
X743,0.0,anonymous_x,0.01841710360580484
X34,0.0,anonymous_x,0.015619548667431501
X5,0.0,anonymous_x,0.003487154809870281
X6,0.0,anonymous_x,0.011285571496126696
X7,0.0,anonymous_x,0.012865470802523173
X8,0.0,anonymous_x,0.013109929029149375
X9,0.0,anonymous_x,0.01403552658958533
X10,0.0,anonymous_x,0.021228435966114553
X11,0.0,anonymous_x,0.01909715344519507
book_total_qty,0.0,derived_market,0.01923994907576261
trade_total_qty,0.0,derived_market,0.028273911683546385
book_imbalance,0.0,derived_market,0.006013088895172824
trade_imbalance,0.0,derived_market,0.006994932699082971
X19,0.0,anonymous_x,0.06925575416614595
X3,0.0,anonymous_x,0.014077190726247782
X2,0.0,anonymous_x,0.015979535288786727
X745,0.0,anonymous_x,0.009813110155469594
X355,0.0,anonymous_x,0.051224029711606923
X324,0.0,anonymous_x,0.02427158628812775
X328,0.0,anonymous_x,0.019173513841502787
X309,0.0,anonymous_x,0.007101045594423124
X310,0.0,anonymous_x,0.020021844073472527
X311,0.0,anonymous_x,0.014872874659323921
X312,0.0,anonymous_x,0.01304076995806909
X313,0.0,anonymous_x,0.017076247903916493
X314,0.0,anonymous_x,0.00027322648978406335
X93,0.0,anonymous_x,0.007503343973255622
X99,0.0,anonymous_x,0.02190100700087496
X68,0.0,anonymous_x,0.0054463856086937636
X308,0.0,anonymous_x,0.0012425507672084346
X365,0.0,anonymous_x,0.01733814891758358
X366,0.0,anonymous_x,0.03208756365937973
X369,0.0,anonymous_x,0.015558214402295092
X370,0.0,anonymous_x,0.005566444752304223
X346,0.0,anonymous_x,0.012334882911960093
X347,0.0,anonymous_x,0.010349194839800362
X73,0.0,anonymous_x,0.023501054441087455
X74,0.0,anonymous_x,0.006274221973860138
X75,0.0,anonymous_x,0.023939392313798314
X316,0.0,anonymous_x,0.021067860731992603
X317,0.0,anonymous_x,0.01803923577923193
X318,0.0,anonymous_x,0.019171401294744213
X319,0.0,anonymous_x,0.016934101094169565
X320,0.0,anonymous_x,0.002516633871812828
X322,0.0,anonymous_x,0.01861627029860088
X323,0.0,anonymous_x,0.018815738200283726
X348,0.0,anonymous_x,0.010250592706534762
X349,0.0,anonymous_x,0.039320661403084795
X350,0.0,anonymous_x,0.029144621073022327
X351,0.0,anonymous_x,0.007101045594423124
X377,0.0,anonymous_x,0.016517580255594952
X381,0.0,anonymous_x,0.014480385246995296
X356,0.0,anonymous_x,0.03474125427776503
X357,0.0,anonymous_x,0.00883240049516293
X358,0.0,anonymous_x,0.009854031762997623
X359,0.0,anonymous_x,0.017737008799211584
X360,0.0,anonymous_x,0.027547934466841072
X361,0.0,anonymous_x,0.055878313908190966
X362,0.0,anonymous_x,0.035946425840207435
X363,0.0,anonymous_x,0.011354748307917757
X364,0.0,anonymous_x,0.004822614699818145
X392,0.0,anonymous_x,0.021590042311134483
X393,0.0,anonymous_x,0.007101045594423124
X394,0.0,anonymous_x,0.015243809956929814
X395,0.0,anonymous_x,0.002626410429021169
X396,0.0,anonymous_x,0.0024921444895423424
X397,0.0,anonymous_x,0.012045617814028109
X398,0.0,anonymous_x,0.02485638614969623
X399,0.0,anonymous_x,0.00883240049516293
X400,0.0,anonymous_x,0.014123986493420622
X401,0.0,anonymous_x,0.0038517089519734334
X402,0.0,anonymous_x,0.0018038691164966774
X274,0.0,anonymous_x,0.03064125944472676
X275,0.0,anonymous_x,0.029158556491391388
X244,0.0,anonymous_x,0.013647339769518664
X245,0.0,anonymous_x,0.016065768187851326
X301,0.0,anonymous_x,0.06106608095619154
X304,0.0,anonymous_x,0.015193719154987169
X305,0.0,anonymous_x,0.010469731297490481
X306,0.0,anonymous_x,0.007123259187133053
X307,0.0,anonymous_x,0.017346299537636573
X276,0.0,anonymous_x,0.027715785608484776
X408,0.0,anonymous_x,0.006713962725778004
X409,0.0,anonymous_x,0.015885781451354074
X414,0.0,anonymous_x,0.010086709642837557
X417,0.0,anonymous_x,0.014557472893252882
X388,0.0,anonymous_x,0.010757909637453916
X389,0.0,anonymous_x,0.00081419036564431
X390,0.0,anonymous_x,0.004812959082838457
X391,0.0,anonymous_x,0.008709915672080577
X56,0.0,anonymous_x,0.05682132291714158
X57,0.0,anonymous_x,0.022160857939068475
X58,0.0,anonymous_x,0.016467413576370795
X59,0.0,anonymous_x,0.019514477611542607
X429,0.0,anonymous_x,0.01737761444092212
X430,0.0,anonymous_x,0.01737153406173114
X431,0.0,anonymous_x,0.031063488637852046
X433,0.0,anonymous_x,0.024225900654271333
X434,0.0,anonymous_x,0.03247222277066481
X114,0.0,anonymous_x,0.039672526835878935
X115,0.0,anonymous_x,0.043526264933135744
X260,0.0,anonymous_x,0.007223738909425455
X261,0.0,anonymous_x,0.00932611273140811
X262,0.0,anonymous_x,0.004196464741918049
X263,0.0,anonymous_x,0.0010657643536943556
X265,0.0,anonymous_x,0.02445249569379633
X266,0.0,anonymous_x,0.030037583148568473
X267,0.0,anonymous_x,0.0295851674477053
X268,0.0,anonymous_x,0.02768763268641491
X273,0.0,anonymous_x,0.026180349332703908
X404,0.0,anonymous_x,0.02583743331117593
X405,0.0,anonymous_x,0.011354748307917757
X406,0.0,anonymous_x,0.00670298153999667
X423,0.0,anonymous_x,0.014480385246995296
X77,0.0,anonymous_x,0.04736890773760415
X78,0.0,anonymous_x,0.00567094226450462
X81,0.0,anonymous_x,0.01015138915268246
X83,0.0,anonymous_x,0.0418266113116893
X53,0.0,anonymous_x,0.05434087191926369
X54,0.0,anonymous_x,0.056896535391142734
X467,0.0,anonymous_x,0.003452928778692291
X436,0.0,anonymous_x,0.0277144638354012
X437,0.0,anonymous_x,0.03283642125866584
X439,0.0,anonymous_x,0.0010143191119428273
X440,0.0,anonymous_x,0.0022323472182114437
X441,0.0,anonymous_x,0.003895895865519034
X446,0.0,anonymous_x,0.001972943733096301
X447,0.0,anonymous_x,0.0026837335173141106
X448,0.0,anonymous_x,0.0032979924497173207
X449,0.0,anonymous_x,0.004981372262475182
X478,0.0,anonymous_x,0.005167753791321019
X480,0.0,anonymous_x,0.004961998826375507
X481,0.0,anonymous_x,0.00346991310640196
X482,0.0,anonymous_x,0.007340157881552192
X483,0.0,anonymous_x,0.007878148725600382
X453,0.0,anonymous_x,0.0002444982080935421
X454,0.0,anonymous_x,0.00048088559880423185
X455,0.0,anonymous_x,0.0008713849858090783
X259,0.0,anonymous_x,0.006241035197516898
X228,0.0,anonymous_x,0.0006232563543083479
X229,0.0,anonymous_x,0.01041513517109975
X230,0.0,anonymous_x,0.016650438425857735
X246,0.0,anonymous_x,0.009823512640863443
X248,0.0,anonymous_x,0.017933131421868975
X249,0.0,anonymous_x,0.0067873419613402475
X250,0.0,anonymous_x,0.0006779782230674333
X251,0.0,anonymous_x,0.005713598154564012
X108,0.0,anonymous_x,0.04131771676187333
X109,0.0,anonymous_x,0.03484717974730922
X110,0.0,anonymous_x,0.0054463856086937636
X111,0.0,anonymous_x,0.032878343466625465
X112,0.0,anonymous_x,0.01859758984491453
X113,0.0,anonymous_x,0.03279425340474766
X460,0.0,anonymous_x,0.0020541670064480743
X461,0.0,anonymous_x,0.001216832275792717
X494,0.0,anonymous_x,0.006707882016753922
X495,0.0,anonymous_x,0.007367720177904639
X496,0.0,anonymous_x,0.0047927198397835205
X497,0.0,anonymous_x,0.0064188298551687015
X498,0.0,anonymous_x,0.010969136772593282
X468,0.0,anonymous_x,0.003999172832797097
X469,0.0,anonymous_x,0.006566618022177288
X470,0.0,anonymous_x,0.012759948434210999
X473,0.0,anonymous_x,0.02798709393247845
X474,0.0,anonymous_x,0.0016242421076078468
X476,0.0,anonymous_x,0.0024533519501508468
X477,0.0,anonymous_x,0.0009081504770483861
X510,0.0,anonymous_x,0.002849262414266156
X511,0.0,anonymous_x,0.0016548552310971037
X512,0.0,anonymous_x,0.003723991670986053
X513,0.0,anonymous_x,0.009718704594914614
X514,0.0,anonymous_x,0.0013680817130928738
X515,0.0,anonymous_x,0.005051494427660955
X484,0.0,anonymous_x,0.0072928600871561625
X485,0.0,anonymous_x,0.001970599266312443
X486,0.0,anonymous_x,0.004278807414704161
X487,0.0,anonymous_x,0.0073532651854128685
X488,0.0,anonymous_x,0.003262804935977376
X489,0.0,anonymous_x,0.00792919526371621
X490,0.0,anonymous_x,0.008178077259103788
X491,0.0,anonymous_x,0.007724640341613301
X492,0.0,anonymous_x,0.003293049673787409
X493,0.0,anonymous_x,0.004019023710600203
X526,0.0,anonymous_x,0.0027067161032113406
X527,0.0,anonymous_x,0.011528132155387921
X528,0.0,anonymous_x,0.00070208732167726
X529,0.0,anonymous_x,0.000180046681566385
X531,0.0,anonymous_x,0.011041292100830838
X502,0.0,anonymous_x,0.010037652979910747
X503,0.0,anonymous_x,0.011662989018964629
X504,0.0,anonymous_x,0.012177616815388932
X509,0.0,anonymous_x,0.005954285388226263
X542,0.0,anonymous_x,0.01765736125572805
X543,0.0,anonymous_x,0.008085919524740103
X544,0.0,anonymous_x,0.00770648219433765
X545,0.0,anonymous_x,0.02351082770212782
X516,0.0,anonymous_x,0.0032430821952952574
X517,0.0,anonymous_x,0.001164891772192962
X518,0.0,anonymous_x,0.00303581715232226
X519,0.0,anonymous_x,0.007184122531567351
X520,0.0,anonymous_x,0.0011993748415892026
X521,0.0,anonymous_x,0.012575621815843924
X243,0.0,anonymous_x,0.012675791844980563
X212,0.0,anonymous_x,0.024515116204725334
X213,0.0,anonymous_x,0.010752737144146507
X214,0.0,anonymous_x,0.021380718631974632
X87,0.0,anonymous_x,0.008015029222246627
X252,0.0,anonymous_x,0.010878558326411679
X253,0.0,anonymous_x,0.016133037072686127
X254,0.0,anonymous_x,0.02103096105746854
X255,0.0,anonymous_x,0.022502878058574493
X256,0.0,anonymous_x,0.008818948591594551
X257,0.0,anonymous_x,0.010479985086267098
X258,0.0,anonymous_x,0.007756965981261445
X522,0.0,anonymous_x,0.004139175724765618
X523,0.0,anonymous_x,0.004824602292363147
X524,0.0,anonymous_x,0.011534421604737546
X525,0.0,anonymous_x,0.014281478549138705
volume_per_book_qty,0.0,derived_market,0.007048578578922156
X532,0.0,anonymous_x,0.0004701354582452277
X533,0.0,anonymous_x,0.01865640761444846
X534,0.0,anonymous_x,0.007357234796342013
X535,0.0,anonymous_x,0.008053461293092644
X536,0.0,anonymous_x,0.018406496235556593
X537,0.0,anonymous_x,0.015124005783969873
X227,0.0,anonymous_x,0.007439561020464524
X196,0.0,anonymous_x,0.04702647992208078
X199,0.0,anonymous_x,0.008814713712216966
X231,0.0,anonymous_x,0.018884681949037793
X232,0.0,anonymous_x,0.01917161139323607
X234,0.0,anonymous_x,0.004665220143941737
X235,0.0,anonymous_x,0.011815231234854152
X236,0.0,anonymous_x,0.012480293175285255
X237,0.0,anonymous_x,0.013157057400049748
X238,0.0,anonymous_x,0.014412390989795543
X239,0.0,anonymous_x,0.00849873676158893
X240,0.0,anonymous_x,0.0015855179426711816
X241,0.0,anonymous_x,0.004385690612431115
X242,0.0,anonymous_x,0.011905652256382975
X539,0.0,anonymous_x,0.017559845685407277
X540,0.0,anonymous_x,0.004705026602373273
X549,0.0,anonymous_x,0.011411020929762235
X551,0.0,anonymous_x,0.022091324369426027
volume_per_trade_qty,0.0,derived_market,0.006797907493484996
X184,0.0,anonymous_x,0.024644458093483795
X215,0.0,anonymous_x,0.0323868666965655
X216,0.0,anonymous_x,0.045111013873788894
X220,0.0,anonymous_x,0.0012838533547746324
X221,0.0,anonymous_x,0.011687500999458533
X222,0.0,anonymous_x,0.02419193589265624
X223,0.0,anonymous_x,0.03639562718849101
X224,0.0,anonymous_x,0.04362521768114988
X225,0.0,anonymous_x,0.04231385561276838
X554,0.0,anonymous_x,0.024250534399913374
X593,0.0,anonymous_x,0.02747903013526046
X594,0.0,anonymous_x,0.01758907498494212
X595,0.0,anonymous_x,0.002967553753929549
X568,0.0,anonymous_x,0.011841120393591467
X60,0.0,anonymous_x,0.01238887114232718
X61,0.0,anonymous_x,0.01006283266582483
X62,0.0,anonymous_x,0.005319151090076948
X63,0.0,anonymous_x,0.030079943956973314
X64,0.0,anonymous_x,0.024273559667457808
X65,0.0,anonymous_x,0.03233758506833448
X66,0.0,anonymous_x,0.006255105618924778
X165,0.0,anonymous_x,0.016356813560331654
X200,0.0,anonymous_x,0.003291544599857763
X201,0.0,anonymous_x,0.009100255692550232
X202,0.0,anonymous_x,0.025280786488639587
X203,0.0,anonymous_x,0.03934285015781429
X204,0.0,anonymous_x,0.04029711725458706
X206,0.0,anonymous_x,0.01030957525516045
X207,0.0,anonymous_x,0.005894405072540031
X208,0.0,anonymous_x,0.004957752771157035
X209,0.0,anonymous_x,0.018783307332010182
X210,0.0,anonymous_x,0.029669711287224263
X211,0.0,anonymous_x,0.029102184689079175
X67,0.0,anonymous_x,0.019623461251455452
X622,0.0,anonymous_x,0.017990923565549127
X626,0.0,anonymous_x,0.024793649331417308
X596,0.0,anonymous_x,0.043103752946971455
X597,0.0,anonymous_x,0.01884402467851207
X598,0.0,anonymous_x,0.003809645067039516
X599,0.0,anonymous_x,0.05244574247445532
X601,0.0,anonymous_x,0.007170153073632082
X603,0.0,anonymous_x,0.026205761267950007
X635,0.0,anonymous_x,0.009099971124344035
X636,0.0,anonymous_x,0.006918503751775554
X637,0.0,anonymous_x,0.006076102730905326
X749,0.0,anonymous_x,0.013879072714626614
X639,0.0,anonymous_x,0.010484437712889884
X640,0.0,anonymous_x,0.013568391234156528
X641,0.0,anonymous_x,0.005844329887066279
X615,0.0,anonymous_x,0.016906852066652198
X616,0.0,anonymous_x,0.004128550182426405
X617,0.0,anonymous_x,0.0025506923670535345
X151,0.0,anonymous_x,0.04141965985160826
X152,0.0,anonymous_x,0.0054463856086937636
X153,0.0,anonymous_x,0.034554243563886505
X154,0.0,anonymous_x,0.023552429613956566
X186,0.0,anonymous_x,0.03301928337350418
X187,0.0,anonymous_x,0.027993463518611834
X188,0.0,anonymous_x,0.024648893907723207
X189,0.0,anonymous_x,0.03855087684563413
X192,0.0,anonymous_x,0.005575646886940488
X193,0.0,anonymous_x,0.001440976948309963
X194,0.0,anonymous_x,0.014377090483052652
X195,0.0,anonymous_x,0.031126323828733565
X176,0.0,anonymous_x,0.010864710167925022
X148,0.0,anonymous_x,0.02300399608549255
X149,0.0,anonymous_x,0.01674993909272329
X150,0.0,anonymous_x,0.01988788962820186
X618,0.0,anonymous_x,0.0005713183543955693
X619,0.0,anonymous_x,0.004198538762665547
X620,0.0,anonymous_x,0.007356599557256314
X621,0.0,anonymous_x,0.013364964950200906
X26,0.0,anonymous_x,0.05887424696438395
X658,0.0,anonymous_x,0.006384167895840172
X659,0.0,anonymous_x,0.007939946748825994
X628,0.0,anonymous_x,0.027293078854032288
X630,0.0,anonymous_x,0.0055816020585707175
X631,0.0,anonymous_x,0.006169174780101076
X632,0.0,anonymous_x,0.0014787556975561567
X633,0.0,anonymous_x,0.003270664717921324
X634,0.0,anonymous_x,0.008113523119571761
X648,0.0,anonymous_x,0.053726842651327565
X649,0.0,anonymous_x,0.01823717376008099
X354,0.0,anonymous_x,0.01975866329037069
X45,0.0,anonymous_x,0.05255625003664904
X47,0.0,anonymous_x,0.05408624586822897
X48,0.0,anonymous_x,0.05515174035771707
X155,0.0,anonymous_x,0.026709253568675182
X156,0.0,anonymous_x,0.020092634307491423
X157,0.0,anonymous_x,0.048659595039491944
X158,0.0,anonymous_x,0.006274221973860138
X159,0.0,anonymous_x,0.02745480749812603
X160,0.0,anonymous_x,0.021320076755150626
X162,0.0,anonymous_x,0.021608486761884142
X134,0.0,anonymous_x,0.010864710167925022
X135,0.0,anonymous_x,0.020815328352509946
X1,0.0,anonymous_x,0.009565405413606867
X660,0.0,anonymous_x,0.0029071713103633423
X661,0.0,anonymous_x,0.0019927893563060056
X662,0.0,anonymous_x,0.012366565101340968
X663,0.0,anonymous_x,0.01461882951481115
X664,0.0,anonymous_x,0.0028196393897952816
X665,0.0,anonymous_x,0.004215573035531784
X666,0.0,anonymous_x,0.018569150327758754
X667,0.0,anonymous_x,0.02076381440140553
X668,0.0,anonymous_x,0.0006327265910565169
X669,0.0,anonymous_x,0.005635752557328028
X672,0.0,anonymous_x,0.007710467996746368
X673,0.0,anonymous_x,0.0010753780025371162
X733,0.0,anonymous_x,0.005492735374700537
X645,0.0,anonymous_x,0.0021434582778610454
X705,0.0,anonymous_x,0.02631269070166545
ask_qty,0.0,public_market,0.013154339396075692
X681,0.0,anonymous_x,0.006354761500467941
X682,0.0,anonymous_x,0.0061620182123755295
X770,0.0,anonymous_x,0.0189911646527193
X686,0.0,anonymous_x,0.0009979009866886335
X687,0.0,anonymous_x,0.001295185669900277
X688,0.0,anonymous_x,0.00715030386770712
X689,0.0,anonymous_x,0.001399539890205647
X690,0.0,anonymous_x,0.0037314344869943316
X691,0.0,anonymous_x,0.004298496611437095
X721,0.0,anonymous_x,0.004779602684017715
X722,0.0,anonymous_x,0.010630896391889764
X723,0.0,anonymous_x,0.014740686370279622
X692,0.0,anonymous_x,0.009632324575401092
X693,0.0,anonymous_x,0.00336673389327744
X694,0.0,anonymous_x,0.00944344623092892
X695,0.0,anonymous_x,0.011014977738089836
X696,0.0,anonymous_x,0.010987422875345931
X697,0.0,anonymous_x,0.0062794070636713805
X698,0.0,anonymous_x,0.012715160301861714
X700,0.0,anonymous_x,0.017351093591759032
X105,0.0,anonymous_x,0.031004032708132054
X106,0.0,anonymous_x,0.017041796746943786
X107,0.0,anonymous_x,0.02246385247909251
X12,0.0,anonymous_x,0.011744428736048772
X141,0.0,anonymous_x,0.020245699365421255
X142,0.0,anonymous_x,0.016991602740575443
X143,0.0,anonymous_x,0.007149325106968264
X144,0.0,anonymous_x,0.01838304723628133
X145,0.0,anonymous_x,0.030103489575704738
X146,0.0,anonymous_x,0.005319151090076948
X147,0.0,anonymous_x,0.03181457372465984
X116,0.0,anonymous_x,0.006274221973860138
X117,0.0,anonymous_x,0.026607760362406516
X118,0.0,anonymous_x,0.021825126169939306
X119,0.0,anonymous_x,0.04307197030608838
X120,0.0,anonymous_x,0.033213215206425915
X701,0.0,anonymous_x,0.013375240525436104
X702,0.0,anonymous_x,0.009413677510353761
X703,0.0,anonymous_x,0.008313491148832734
X704,0.0,anonymous_x,0.02902620897074425
X737,0.0,anonymous_x,0.006014601521109623
X771,0.0,anonymous_x,0.006851387443494089
X714,0.0,anonymous_x,0.005447325851962819
X715,0.0,anonymous_x,0.006775795188494724
X716,0.0,anonymous_x,0.0004468849279732425
X717,0.0,anonymous_x,0.002299161809433545
X718,0.0,anonymous_x,0.006152116948748862
X719,0.0,anonymous_x,0.008838920680507947
X720,0.0,anonymous_x,0.005704222095295785
X748,0.0,anonymous_x,0.016916128896458354
X744,0.0,anonymous_x,0.02842578291905428
X13,0.0,anonymous_x,0.0038842238313323385
X14,0.0,anonymous_x,0.0010282016116289834
X15,0.0,anonymous_x,0.0005468527568881284
X16,0.0,anonymous_x,0.003242976575211808
X18,0.0,anonymous_x,0.05439847442327115
sell_qty,0.0,public_market,0.027384700604357857
volume,0.0,public_market,0.028273911502313242
X4,0.0,anonymous_x,0.006696450446778431
X69,0.0,anonymous_x,0.031059003572253538
X70,0.0,anonymous_x,0.02702093128017632
X71,0.0,anonymous_x,0.04205412947084259
X72,0.0,anonymous_x,0.0008425418392201703
X352,0.0,anonymous_x,0.01222007148473726
X353,0.0,anonymous_x,0.015192102210686991
X747,0.0,anonymous_x,0.01665432290216779
X746,0.0,anonymous_x,0.0039092501636276015
X755,0.0,anonymous_x,0.015640607681408226
X724,0.0,anonymous_x,0.00795562222499513
X725,0.0,anonymous_x,0.007446172852250559
X726,0.0,anonymous_x,0.020000458011376232
X728,0.0,anonymous_x,0.009185925174262694
X729,0.0,anonymous_x,0.007510037769537498
X763,0.0,anonymous_x,0.025982508407328526
log_volume,0.0,derived_market,0.013628482484256693
X129,0.0,anonymous_x,0.018295607960215707
X100,0.0,anonymous_x,0.012207312130518476
X101,0.0,anonymous_x,0.012403538821541413
X102,0.0,anonymous_x,0.035242135806507216
X103,0.0,anonymous_x,0.021543057612255688
X104,0.0,anonymous_x,0.005319151090076948
buy_qty,0.0,public_market,0.026570686753680302
